-- CREATE DATABASE  IF NOT EXISTS `care_deloitte` /*!40100 DEFAULT CHARACTER SET utf8 */;
CREATE DATABASE  IF NOT EXISTS `care_deloitte`;
USE `care_deloitte`;

DROP TABLE IF EXISTS `interview_details`;
DROP TABLE IF EXISTS `group_discussion_details`;
DROP TABLE IF EXISTS `panelist_campus_mapping`;
DROP TABLE IF EXISTS `panelist`;
DROP TABLE IF EXISTS `recruiter`;
DROP TABLE IF EXISTS `user_roles`;
DROP TABLE IF EXISTS `users`;
DROP TABLE IF EXISTS `candidate_details`;
DROP TABLE IF EXISTS `campus_hiring_details`;
DROP TABLE IF EXISTS `campus_details`;
DROP TABLE IF EXISTS `campus`;



CREATE TABLE `users` (
  `USER_ID` INT(10) UNSIGNED NOT NULL AUTO_INCREMENT,
  `USERNAME` VARCHAR(45) NOT NULL,
  `PASSWORD` VARCHAR(45) NOT NULL,
  `ENABLED` tinyint(1) NOT NULL,
  PRIMARY KEY (`USER_ID`)
) ENGINE=InnoDB DEFAULT CHARSET=utf8;


CREATE TABLE `user_roles` (
  `USER_ROLE_ID` INT(10) UNSIGNED NOT NULL AUTO_INCREMENT,
  `USER_ID` INT(10) UNSIGNED NOT NULL,
  `AUTHORITY` VARCHAR(45) NOT NULL,
  PRIMARY KEY (`USER_ROLE_ID`),
  KEY `FK_user_roles` (`USER_ID`),
  CONSTRAINT `FK_user_roles` FOREIGN KEY (`USER_ID`) REFERENCES `users` (`USER_ID`)
) ENGINE=InnoDB DEFAULT CHARSET=utf8;

INSERT INTO users (USER_ID, USERNAME,PASSWORD, ENABLED) VALUES (101, 'recruiter1@deloitte.com', 'recruiter1@deloitte.com', 1 );
INSERT INTO users (USER_ID, USERNAME,PASSWORD, ENABLED) VALUES (102, 'recruiter2@deloitte.com', 'recruiter2@deloitte.com', 1 );
INSERT INTO users (USER_ID, USERNAME,PASSWORD, ENABLED) VALUES (103, 'recruiter3@deloitte.com', 'recruiter3@deloitte.com', 1 );
INSERT INTO users (USER_ID, USERNAME,PASSWORD, ENABLED) VALUES (104, 'recruiter4@deloitte.com', 'recruiter4@deloitte.com', 1 );
INSERT INTO users (USER_ID, USERNAME,PASSWORD, ENABLED) VALUES (105, 'recruiter5@deloitte.com', 'recruiter5@deloitte.com', 1 );
INSERT INTO users (USER_ID, USERNAME,PASSWORD, ENABLED) VALUES (106, 'recruiter6@deloitte.com', 'recruiter6@deloitte.com', 1 );
INSERT INTO users (USER_ID, USERNAME,PASSWORD, ENABLED) VALUES (107, 'recruiter7@deloitte.com', 'recruiter7@deloitte.com', 1 );
INSERT INTO users (USER_ID, USERNAME,PASSWORD, ENABLED) VALUES (108, 'recruiter8@deloitte.com', 'recruiter8@deloitte.com', 1 );
INSERT INTO users (USER_ID, USERNAME,PASSWORD, ENABLED) VALUES (109, 'recruiter9@deloitte.com', 'recruiter9@deloitte.com', 1 );
INSERT INTO users (USER_ID, USERNAME,PASSWORD, ENABLED) VALUES (110, 'recruiter10@deloitte.com', 'recruiter10@deloitte.com', 1 );
INSERT INTO users (USER_ID, USERNAME,PASSWORD, ENABLED) VALUES (111, 'recruiter11@deloitte.com', 'recruiter11@deloitte.com', 1 );
INSERT INTO users (USER_ID, USERNAME,PASSWORD, ENABLED) VALUES (112, 'recruiter12@deloitte.com', 'recruiter12@deloitte.com', 1 );
INSERT INTO users (USER_ID, USERNAME,PASSWORD, ENABLED) VALUES (113, 'recruiter13@deloitte.com', 'recruiter13@deloitte.com', 1 );
INSERT INTO users (USER_ID, USERNAME,PASSWORD, ENABLED) VALUES (114, 'recruiter14@deloitte.com', 'recruiter14@deloitte.com', 1 );
INSERT INTO users (USER_ID, USERNAME,PASSWORD, ENABLED) VALUES (115, 'recruiter15@deloitte.com', 'recruiter15@deloitte.com', 1 );
INSERT INTO users (USER_ID, USERNAME,PASSWORD, ENABLED) VALUES (116, 'recruiter16@deloitte.com', 'recruiter16@deloitte.com', 1 );



INSERT INTO users (USER_ID, USERNAME,PASSWORD, ENABLED) VALUES (201, 'panelist1@deloitte.com', 'panelist1@deloitte.com', 1 );
INSERT INTO users (USER_ID, USERNAME,PASSWORD, ENABLED) VALUES (202, 'panelist2@deloitte.com', 'panelist2@deloitte.com', 1 );
INSERT INTO users (USER_ID, USERNAME,PASSWORD, ENABLED) VALUES (203, 'panelist3@deloitte.com', 'panelist3@deloitte.com', 1 );
INSERT INTO users (USER_ID, USERNAME,PASSWORD, ENABLED) VALUES (204, 'panelist4@deloitte.com', 'panelist4@deloitte.com', 1 );
INSERT INTO users (USER_ID, USERNAME,PASSWORD, ENABLED) VALUES (205, 'panelist5@deloitte.com', 'panelist5@deloitte.com', 1 );
INSERT INTO users (USER_ID, USERNAME,PASSWORD, ENABLED) VALUES (206, 'panelist6@deloitte.com', 'panelist6@deloitte.com', 1 );
INSERT INTO users (USER_ID, USERNAME,PASSWORD, ENABLED) VALUES (207, 'panelist7@deloitte.com', 'panelist7@deloitte.com', 1 );
INSERT INTO users (USER_ID, USERNAME,PASSWORD, ENABLED) VALUES (208, 'panelist8@deloitte.com', 'panelist8@deloitte.com', 1 );
INSERT INTO users (USER_ID, USERNAME,PASSWORD, ENABLED) VALUES (209, 'panelist9@deloitte.com', 'panelist9@deloitte.com', 1 );
INSERT INTO users (USER_ID, USERNAME,PASSWORD, ENABLED) VALUES (210, 'panelist10@deloitte.com', 'panelist10@deloitte.com', 1 );
INSERT INTO users (USER_ID, USERNAME,PASSWORD, ENABLED) VALUES (211, 'panelist11@deloitte.com', 'panelist11@deloitte.com', 1 );
INSERT INTO users (USER_ID, USERNAME,PASSWORD, ENABLED) VALUES (212, 'panelist12@deloitte.com', 'panelist12@deloitte.com', 1 );
INSERT INTO users (USER_ID, USERNAME,PASSWORD, ENABLED) VALUES (213, 'panelist13@deloitte.com', 'panelist13@deloitte.com', 1 );
INSERT INTO users (USER_ID, USERNAME,PASSWORD, ENABLED) VALUES (214, 'panelist14@deloitte.com', 'panelist14@deloitte.com', 1 );
INSERT INTO users (USER_ID, USERNAME,PASSWORD, ENABLED) VALUES (215, 'panelist15@deloitte.com', 'panelist15@deloitte.com', 1 );
INSERT INTO users (USER_ID, USERNAME,PASSWORD, ENABLED) VALUES (216, 'panelist16@deloitte.com', 'panelist16@deloitte.com', 1 );
INSERT INTO users (USER_ID, USERNAME,PASSWORD, ENABLED) VALUES (217, 'panelist17@deloitte.com', 'panelist17@deloitte.com', 1 );
INSERT INTO users (USER_ID, USERNAME,PASSWORD, ENABLED) VALUES (218, 'panelist18@deloitte.com', 'panelist18@deloitte.com', 1 );
INSERT INTO users (USER_ID, USERNAME,PASSWORD, ENABLED) VALUES (219, 'panelist19@deloitte.com', 'panelist19@deloitte.com', 1 );
INSERT INTO users (USER_ID, USERNAME,PASSWORD, ENABLED) VALUES (220, 'panelist20@deloitte.com', 'panelist20@deloitte.com', 1 );




INSERT INTO user_roles (USER_ROLE_ID, USER_ID,AUTHORITY) VALUES (1, 101, 'ROLE_RECRUITER');
INSERT INTO user_roles (USER_ROLE_ID, USER_ID,AUTHORITY) VALUES (2, 102, 'ROLE_RECRUITER');
INSERT INTO user_roles (USER_ROLE_ID, USER_ID,AUTHORITY) VALUES (3, 103, 'ROLE_RECRUITER');
INSERT INTO user_roles (USER_ROLE_ID, USER_ID,AUTHORITY) VALUES (4, 104, 'ROLE_RECRUITER');
INSERT INTO user_roles (USER_ROLE_ID, USER_ID,AUTHORITY) VALUES (5, 105, 'ROLE_RECRUITER');
INSERT INTO user_roles (USER_ROLE_ID, USER_ID,AUTHORITY) VALUES (6, 106, 'ROLE_RECRUITER');
INSERT INTO user_roles (USER_ROLE_ID, USER_ID,AUTHORITY) VALUES (7, 107, 'ROLE_RECRUITER');
INSERT INTO user_roles (USER_ROLE_ID, USER_ID,AUTHORITY) VALUES (8, 108, 'ROLE_RECRUITER');
INSERT INTO user_roles (USER_ROLE_ID, USER_ID,AUTHORITY) VALUES (9, 109, 'ROLE_RECRUITER');
INSERT INTO user_roles (USER_ROLE_ID, USER_ID,AUTHORITY) VALUES (10, 110, 'ROLE_RECRUITER');
INSERT INTO user_roles (USER_ROLE_ID, USER_ID,AUTHORITY) VALUES (11, 111, 'ROLE_RECRUITER');
INSERT INTO user_roles (USER_ROLE_ID, USER_ID,AUTHORITY) VALUES (12, 112, 'ROLE_RECRUITER');
INSERT INTO user_roles (USER_ROLE_ID, USER_ID,AUTHORITY) VALUES (13, 113, 'ROLE_RECRUITER');
INSERT INTO user_roles (USER_ROLE_ID, USER_ID,AUTHORITY) VALUES (14, 114, 'ROLE_RECRUITER');
INSERT INTO user_roles (USER_ROLE_ID, USER_ID,AUTHORITY) VALUES (15, 115, 'ROLE_RECRUITER');
INSERT INTO user_roles (USER_ROLE_ID, USER_ID,AUTHORITY) VALUES (16, 116, 'ROLE_RECRUITER');



INSERT INTO user_roles (USER_ROLE_ID, USER_ID,AUTHORITY) VALUES (21, 201, 'ROLE_PANELIST');
INSERT INTO user_roles (USER_ROLE_ID, USER_ID,AUTHORITY) VALUES (22, 202, 'ROLE_PANELIST');
INSERT INTO user_roles (USER_ROLE_ID, USER_ID,AUTHORITY) VALUES (23, 203, 'ROLE_PANELIST');
INSERT INTO user_roles (USER_ROLE_ID, USER_ID,AUTHORITY) VALUES (24, 204, 'ROLE_PANELIST');
INSERT INTO user_roles (USER_ROLE_ID, USER_ID,AUTHORITY) VALUES (25, 205, 'ROLE_PANELIST');
INSERT INTO user_roles (USER_ROLE_ID, USER_ID,AUTHORITY) VALUES (26, 206, 'ROLE_PANELIST');
INSERT INTO user_roles (USER_ROLE_ID, USER_ID,AUTHORITY) VALUES (27, 207, 'ROLE_PANELIST');
INSERT INTO user_roles (USER_ROLE_ID, USER_ID,AUTHORITY) VALUES (28, 208, 'ROLE_PANELIST');
INSERT INTO user_roles (USER_ROLE_ID, USER_ID,AUTHORITY) VALUES (29, 209, 'ROLE_PANELIST');
INSERT INTO user_roles (USER_ROLE_ID, USER_ID,AUTHORITY) VALUES (30, 210, 'ROLE_PANELIST');
INSERT INTO user_roles (USER_ROLE_ID, USER_ID,AUTHORITY) VALUES (31, 211, 'ROLE_PANELIST');
INSERT INTO user_roles (USER_ROLE_ID, USER_ID,AUTHORITY) VALUES (32, 212, 'ROLE_PANELIST');
INSERT INTO user_roles (USER_ROLE_ID, USER_ID,AUTHORITY) VALUES (33, 213, 'ROLE_PANELIST');
INSERT INTO user_roles (USER_ROLE_ID, USER_ID,AUTHORITY) VALUES (34, 214, 'ROLE_PANELIST');
INSERT INTO user_roles (USER_ROLE_ID, USER_ID,AUTHORITY) VALUES (35, 215, 'ROLE_PANELIST');
INSERT INTO user_roles (USER_ROLE_ID, USER_ID,AUTHORITY) VALUES (36, 216, 'ROLE_PANELIST');
INSERT INTO user_roles (USER_ROLE_ID, USER_ID,AUTHORITY) VALUES (37, 217, 'ROLE_PANELIST');
INSERT INTO user_roles (USER_ROLE_ID, USER_ID,AUTHORITY) VALUES (38, 218, 'ROLE_PANELIST');
INSERT INTO user_roles (USER_ROLE_ID, USER_ID,AUTHORITY) VALUES (39, 219, 'ROLE_PANELIST');
INSERT INTO user_roles (USER_ROLE_ID, USER_ID,AUTHORITY) VALUES (40, 220, 'ROLE_PANELIST');

CREATE TABLE `campus` (
  `campus_id` int(11) NOT NULL AUTO_INCREMENT,
  `campus_name` varchar(256) DEFAULT NULL,
  `description` varchar(256) DEFAULT NULL,
  `createdBy` varchar(256) DEFAULT NULL,
  `createdDt` datetime DEFAULT NULL,
  `updatedBy` varchar(256) DEFAULT NULL,
  `updatedDt` datetime DEFAULT NULL,
  PRIMARY KEY (`campus_id`)
) ENGINE=InnoDB AUTO_INCREMENT=4 DEFAULT CHARSET=utf8;

insert into campus (campus_id ,campus_name,createdBy , description, updatedBy ,createdDt , updatedDt) values(1, 'Campus 1', 'Arpit' ,  'Campus 1 Description' , 'Arpit' ,'2014-01-21 12:20:36' , '2014-01-21 12:20:36' );
insert into campus (campus_id ,campus_name,createdBy , description, updatedBy ,createdDt , updatedDt) values(2, 'Campus 2', 'Arpit' ,  'Campus 2 Description' , 'Arpit' ,'2014-01-21 12:20:36' , '2014-01-21 12:20:36' );
insert into campus (campus_id ,campus_name,createdBy , description, updatedBy ,createdDt , updatedDt) values(3, 'Campus 3', 'Arpit' ,  'Campus 3 Description' , 'Arpit' ,'2014-01-21 12:20:36' , '2014-01-21 12:20:36' );
insert into campus (campus_id ,campus_name,createdBy , description, updatedBy ,createdDt , updatedDt) values(4, 'Campus 4', 'Arpit' ,  'Campus 4 Description' , 'Arpit' ,'2014-01-21 12:20:36' , '2014-01-21 12:20:36' );
insert into campus (campus_id ,campus_name,createdBy , description, updatedBy ,createdDt , updatedDt) values(5, 'Campus 5', 'Arpit' ,  'Campus 5 Description' , 'Arpit' ,'2014-01-21 12:20:36' , '2014-01-21 12:20:36' );
insert into campus (campus_id ,campus_name,createdBy , description, updatedBy ,createdDt , updatedDt) values(6, 'Campus 6', 'Arpit' ,  'Campus 6 Description' , 'Arpit' ,'2014-01-21 12:20:36' , '2014-01-21 12:20:36' );
insert into campus (campus_id ,campus_name,createdBy , description, updatedBy ,createdDt , updatedDt) values(7, 'Campus 7', 'Arpit' ,  'Campus 7 Description' , 'Arpit' ,'2014-01-21 12:20:36' , '2014-01-21 12:20:36' );
insert into campus (campus_id ,campus_name,createdBy , description, updatedBy ,createdDt , updatedDt) values(8, 'Campus 8', 'Arpit' ,  'Campus 8 Description' , 'Arpit' ,'2014-01-21 12:20:36' , '2014-01-21 12:20:36' );
insert into campus (campus_id ,campus_name,createdBy , description, updatedBy ,createdDt , updatedDt) values(9, 'Campus 9', 'Arpit' ,  'Campus 9 Description' , 'Arpit' ,'2014-01-21 12:20:36' , '2014-01-21 12:20:36' );

CREATE TABLE `panelist` (
  `id` int(11) NOT NULL AUTO_INCREMENT,
  `panelist_name` varchar(256) DEFAULT NULL,
  `panelist_email_id` varchar(256) DEFAULT NULL,
  `USER_ID` int(10) unsigned NOT NULL,
  `createdBy` varchar(256) DEFAULT NULL,
  `createdDt` datetime DEFAULT NULL,
  `updatedBy` varchar(256) DEFAULT NULL,
  `updatedDt` datetime DEFAULT NULL,
  PRIMARY KEY (`id`),
  KEY `USER_ID` (`USER_ID`),
  CONSTRAINT `panelist_1` FOREIGN KEY (`USER_ID`) REFERENCES `users` (`USER_ID`)
) ENGINE=InnoDB AUTO_INCREMENT=6 DEFAULT CHARSET=utf8;

insert into panelist (id , panelist_name , panelist_email_id, user_id ) values (1 , 'Panelist1' , 'panelist1@deloitte.com', 201);
insert into panelist (id , panelist_name , panelist_email_id, user_id ) values (2 , 'Panelist2' , 'panelist2@deloitte.com', 202);
insert into panelist (id , panelist_name , panelist_email_id, user_id ) values (3 , 'Panelist3' , 'panelist3@deloitte.com', 203);
insert into panelist (id , panelist_name , panelist_email_id, user_id ) values (4 , 'Panelist4' , 'panelist4@deloitte.com', 204);
insert into panelist (id , panelist_name , panelist_email_id, user_id ) values (5 , 'Panelist5' , 'panelist5@deloitte.com', 205);
insert into panelist (id , panelist_name , panelist_email_id, user_id ) values (6 , 'Panelist6' , 'panelist6@deloitte.com', 206);
insert into panelist (id , panelist_name , panelist_email_id, user_id ) values (7 , 'Panelist7' , 'panelist7@deloitte.com', 207);
insert into panelist (id , panelist_name , panelist_email_id, user_id ) values (8 , 'Panelist8' , 'panelist8@deloitte.com', 208);
insert into panelist (id , panelist_name , panelist_email_id, user_id ) values (9 , 'Panelist9' , 'panelist9@deloitte.com', 209);
insert into panelist (id , panelist_name , panelist_email_id, user_id ) values (10 , 'Panelist10' , 'panelist10@deloitte.com', 210);

CREATE TABLE `recruiter` (
  `id` int(11) NOT NULL AUTO_INCREMENT,
  `recruiter_name` varchar(256) DEFAULT NULL,
  `recruiter_email_id` varchar(256) DEFAULT NULL,
  `USER_ID` int(10) unsigned NOT NULL,
  `createdBy` varchar(256) DEFAULT NULL,
  `createdDt` datetime DEFAULT NULL,
  `updatedBy` varchar(256) DEFAULT NULL,
  `updatedDt` datetime DEFAULT NULL,
  PRIMARY KEY (`id`),
  KEY `USER_ID` (`USER_ID`),
  CONSTRAINT `recruiter_1` FOREIGN KEY (`USER_ID`) REFERENCES `users` (`USER_ID`)
) ENGINE=InnoDB AUTO_INCREMENT=6 DEFAULT CHARSET=utf8;

insert into recruiter (id , recruiter_name , recruiter_email_id, user_id ) values ( 1 , 'Recruiter1' , 'recruiter1@deloitte.com', 101);
insert into recruiter (id , recruiter_name , recruiter_email_id, user_id ) values ( 2 , 'Recruiter2' , 'recruiter2@deloitte.com', 102);
insert into recruiter (id , recruiter_name , recruiter_email_id, user_id ) values ( 3 , 'Recruiter3' , 'recruiter3@deloitte.com', 103);
insert into recruiter (id , recruiter_name , recruiter_email_id, user_id ) values ( 4 , 'Recruiter4' , 'recruiter4@deloitte.com', 104);
insert into recruiter (id , recruiter_name , recruiter_email_id, user_id ) values ( 5 , 'Recruiter5' , 'recruiter5@deloitte.com', 105);
insert into recruiter (id , recruiter_name , recruiter_email_id, user_id ) values ( 6 , 'Recruiter6' , 'recruiter6@deloitte.com', 106);
insert into recruiter (id , recruiter_name , recruiter_email_id, user_id ) values ( 7 , 'Recruiter7' , 'recruiter7@deloitte.com', 107);
insert into recruiter (id , recruiter_name , recruiter_email_id, user_id ) values ( 8 , 'Recruiter8' , 'recruiter8@deloitte.com', 108);
insert into recruiter (id , recruiter_name , recruiter_email_id, user_id ) values ( 9 , 'Recruiter9' , 'recruiter9@deloitte.com', 109);

create table panelist_campus_mapping (
    id INT NOT NULL AUTO_INCREMENT PRIMARY KEY,
    batch int(10),
    createdBy varchar(256),
    createdDt datetime,
    updatedBy varchar(256),
    updatedDt datetime,
    campus_id int(10),
    panelist_id int(10),
    FOREIGN KEY (campus_id) REFERENCES campus (campus_id),
    FOREIGN KEY (panelist_id) REFERENCES panelist (id)
);

insert into panelist_campus_mapping ( id , batch , campus_id , panelist_id ) values (001, 2014 , 1 , 1) ;
insert into panelist_campus_mapping ( id , batch , campus_id , panelist_id ) values (002, 2014 , 1 , 2) ;
insert into panelist_campus_mapping ( id , batch , campus_id , panelist_id ) values (003, 2014 , 1 , 3) ;
insert into panelist_campus_mapping ( id , batch , campus_id , panelist_id ) values (004, 2014 , 1 , 4) ;
insert into panelist_campus_mapping ( id , batch , campus_id , panelist_id ) values (005, 2014 , 2 , 5) ;
insert into panelist_campus_mapping ( id , batch , campus_id , panelist_id ) values (006, 2014 , 2 , 6) ;
insert into panelist_campus_mapping ( id , batch , campus_id , panelist_id ) values (007, 2014 , 2 , 7) ;
insert into panelist_campus_mapping ( id , batch , campus_id , panelist_id ) values (008, 2014 , 2 , 8) ;
insert into panelist_campus_mapping ( id , batch , campus_id , panelist_id ) values (009, 2014 , 3 , 9) ;
insert into panelist_campus_mapping ( id , batch , campus_id , panelist_id ) values (010, 2014 , 3 , 1) ;
insert into panelist_campus_mapping ( id , batch , campus_id , panelist_id ) values (011, 2014 , 3 , 2) ;
insert into panelist_campus_mapping ( id , batch , campus_id , panelist_id ) values (012, 2014 , 3 , 3) ;

CREATE TABLE `campus_details` (
  `id` int(11) NOT NULL AUTO_INCREMENT,
  `placementOfficer` varchar(256) DEFAULT NULL,
  `talentPool` int(10) DEFAULT NULL,
  `winPercentage` int(10) DEFAULT NULL,
  `brandingEvents` varchar(256) DEFAULT NULL,
  `competitiononCampus` varchar(256) DEFAULT NULL,
  `avgSal` float(10,2) DEFAULT NULL,
  `slots` varchar(256) DEFAULT NULL,
  `pastvisitstoCampus` int(10) DEFAULT NULL,
  `deloitteTier` int(10) DEFAULT NULL,
  `serviceLineVisiting` varchar(256) DEFAULT NULL,
  `aluminiDetails` varchar(256) DEFAULT NULL,
  `otherDetails` varchar(256) DEFAULT NULL,
  `ourExperience` varchar(256) DEFAULT NULL,
  `createdBy` varchar(256) DEFAULT NULL,
  `createdDt` datetime DEFAULT NULL,
  `updatedBy` varchar(256) DEFAULT NULL,
  `updatedDt` datetime DEFAULT NULL,
  `candidateFreeze` char(1) NOT NULL,
  `panelistFreeze` char(1)  NOT NULL,
  `groupDistributionFreeze` char(1) NOT NULL,
  `consensusFreeze` char(1) NOT NULL,
  PRIMARY KEY (`id`),
  CONSTRAINT `campus_details_ibfk_1` FOREIGN KEY (`id`) REFERENCES `campus` (`campus_id`)
) ENGINE=InnoDB AUTO_INCREMENT=4 DEFAULT CHARSET=utf8;


insert into care_deloitte.campus_details(id,placementOfficer,talentPool,winPercentage,brandingEvents,competitiononCampus,avgSal,slots,pastvisitstoCampus,deloitteTier,serviceLineVisiting,aluminiDetails,otherDetails,ourExperience,createdBy,createdDt,updatedBy,updatedDt,candidateFreeze,panelistFreeze,groupDistributionFreeze , consensusFreeze) values 
(1,'TPO1',100,25,'','',0,'',23,1,'','','','','recruiter1','2014-01-21 12:20:36','recruiter2','2014-01-21 12:20:36','Y','Y','Y','N');
insert into care_deloitte.campus_details(id,placementOfficer,talentPool,winPercentage,brandingEvents,competitiononCampus,avgSal,slots,pastvisitstoCampus,deloitteTier,serviceLineVisiting,aluminiDetails,otherDetails,ourExperience,createdBy,createdDt,updatedBy,updatedDt,candidateFreeze,panelistFreeze,groupDistributionFreeze , consensusFreeze) values 
(2,'TPO2',100,30,'100','100',100,'12',10,2,'100','Test','test323435','100','recruiter2','2014-01-26 21:13:48',null,'2014-01-26 21:13:48','N','N','N','N');
insert into care_deloitte.campus_details(id,placementOfficer,talentPool,winPercentage,brandingEvents,competitiononCampus,avgSal,slots,pastvisitstoCampus,deloitteTier,serviceLineVisiting,aluminiDetails,otherDetails,ourExperience,createdBy,createdDt,updatedBy,updatedDt,candidateFreeze,panelistFreeze,groupDistributionFreeze , consensusFreeze) values 
(3,'TPO3',100,30,'100','100',100,'12',10,2,'100','Test','test323435','100','recruiter2','2014-01-26 21:13:48',null,'2014-01-26 21:13:48','Y','N','N','N');



CREATE TABLE `campus_hiring_details` (
  `id` int(11) NOT NULL,
  `offeredStudents` int(10) DEFAULT NULL,
  `conversionRate` float(10,2) DEFAULT NULL,
  `winRate` int(10) DEFAULT NULL,
  `sample` int(10) DEFAULT NULL,
  `slots` int(10) DEFAULT NULL,
  `interns` int(10) DEFAULT NULL,
  `yearStat` year(4) DEFAULT NULL,
  `createdBy` varchar(256) DEFAULT NULL,
  `createdDt` datetime DEFAULT NULL,
  `updatedBy` varchar(256) DEFAULT NULL,
  `updatedDt` datetime DEFAULT NULL,
  KEY `id` (`id`),
  CONSTRAINT `campus_hiring_details_ibfk_1` FOREIGN KEY (`id`) REFERENCES `campus_details` (`id`)
) ENGINE=InnoDB DEFAULT CHARSET=utf8;

INSERT INTO `campus_hiring_details` VALUES (1,0,0.00,0,0,0,0,0000,NULL,'2014-01-26 00:00:00',NULL,'2014-01-26 00:00:00'),(1,100,0.00,0,0,0,0,2013,'care1','2014-01-21 00:00:00','care1','2014-01-21 00:00:00');


CREATE TABLE `candidate_details` (
  `candidate_id` int(11) NOT NULL AUTO_INCREMENT,
  `amcatID` bigint(20) DEFAULT NULL,
  `firstName` varchar(256) DEFAULT NULL,
  `lastName` varchar(256) DEFAULT NULL,
  `middleName` varchar(256) DEFAULT NULL,
  `emailID` varchar(256) DEFAULT NULL,
  `alternateEmailID` varchar(256) DEFAULT NULL,
  `mobileNumber` bigint(20) DEFAULT NULL,
  `landLine` bigint(20) DEFAULT NULL,
  `fatherMobileNo` bigint(20) DEFAULT NULL,
  `dob` datetime DEFAULT NULL,
  `gender` varchar(256) DEFAULT NULL,
  `pAddress` varchar(256) DEFAULT NULL,
  `pCity` varchar(256) DEFAULT NULL,
  `pState` varchar(256) DEFAULT NULL,
  `pZipCode` int(10) DEFAULT NULL,
  `cAddress` varchar(256) DEFAULT NULL,
  `cCity` varchar(256) DEFAULT NULL,
  `cState` varchar(256) DEFAULT NULL,
  `cZipCode` int(10) DEFAULT NULL,
  `boardName10` varchar(256) DEFAULT NULL,
  `passingYear10` int(10) DEFAULT NULL,
  `percentage10` decimal(20,2) DEFAULT NULL,
  `boardName12` varchar(256) DEFAULT NULL,
  `passingYea12` int(10) DEFAULT NULL,
  `percentage12` decimal(20,2) DEFAULT NULL,
  `completionYear` int(10) DEFAULT NULL,
  `collegePecentage` decimal(20,2) DEFAULT NULL,
  `collegName` varchar(256) DEFAULT NULL,
  `collegeCity` varchar(256) DEFAULT NULL,
  `collegeState` varchar(256) DEFAULT NULL,
  `degreeName` varchar(256) DEFAULT NULL,
  `subjectName` varchar(256) DEFAULT NULL,
  `gradUniversityRollNo` varchar(256) DEFAULT NULL,
  `eduMode` varchar(256) DEFAULT NULL,
  `backPaper` int(10) DEFAULT NULL,
  `affiliatedTo` varchar(256) DEFAULT NULL,
  `testAttemptTime` varchar(256) DEFAULT NULL,
  `englishScore` decimal(20,2) DEFAULT NULL,
  `englishPercentile` decimal(20,2) DEFAULT NULL,
  `vocabulary` decimal(20,2) DEFAULT NULL,
  `grammar` decimal(20,2) DEFAULT NULL,
  `comprehension` decimal(20,2) DEFAULT NULL,
  `quantitativeAbilityScore` decimal(20,2) DEFAULT NULL,
  `quantitativeAbilityPercentage` decimal(20,2) DEFAULT NULL,
  `basicMathematics` decimal(20,2) DEFAULT NULL,
  `engineeringMathematics` decimal(20,2) DEFAULT NULL,
  `appliedMathematics` decimal(20,2) DEFAULT NULL,
  `logicalAbilityScore` decimal(20,2) DEFAULT NULL,
  `logicalAbilityPercentage` decimal(20,2) DEFAULT NULL,
  `inductiveReasoning` decimal(20,2) DEFAULT NULL,
  `deductiveReasoning` decimal(20,2) DEFAULT NULL,
  `abductiveReasoning` decimal(20,2) DEFAULT NULL,
  `parentTitle` varchar(256) DEFAULT NULL,
  `parentName` varchar(256) DEFAULT NULL,
  `pref1Function` varchar(256) DEFAULT NULL,
  `prefOfGurgaon1` varchar(256) DEFAULT NULL,
  `prefOfHyderabad1` varchar(256) DEFAULT NULL,
  `prefOfMumbai1` varchar(256) DEFAULT NULL,
  `prefOfBengaluru` varchar(256) DEFAULT NULL,
  `pref2Function` varchar(256) DEFAULT NULL,
  `prefOfGurgaon2` varchar(256) DEFAULT NULL,
  `prefOfMumbai2` varchar(256) DEFAULT NULL,
  `prefOfHyderabad2` varchar(256) DEFAULT NULL,
  `prefOfBengaluru2` varchar(256) DEFAULT NULL,
  `function` varchar(256) DEFAULT NULL,
  `panelists` varchar(256) DEFAULT NULL,
  `interviewers` varchar(256) DEFAULT NULL,
  `observers` varchar(256) DEFAULT NULL,
  `campus_id` int(10) DEFAULT NULL,
  `inactive` tinyint(1) DEFAULT NULL,
  `createdBy` varchar(256) DEFAULT NULL,
  `createdDt` datetime DEFAULT NULL,
  `updatedBy` varchar(256) DEFAULT NULL,
  `updatedDt` datetime DEFAULT NULL,
  `groupDiscussionResult` char(1) DEFAULT NULL,
  `interviewResult` char(1) DEFAULT NULL,
  `consensusResult` varchar(256) DEFAULT NULL,
  `consensusComments` varchar(256) DEFAULT NULL,
  PRIMARY KEY (`candidate_id`),
  UNIQUE KEY `amcatID` (`amcatID`),
  KEY `campus_id` (`campus_id`),
  CONSTRAINT `candidate_details_ibfk_1` FOREIGN KEY (`campus_id`) REFERENCES `campus` (`campus_id`)
) ENGINE=InnoDB AUTO_INCREMENT=241 DEFAULT CHARSET=utf8;



insert into care_deloitte.candidate_details(candidate_id,amcatID,firstName,lastName,middleName,emailID,alternateEmailID,mobileNumber,landLine,fatherMobileNo,dob,gender,pAddress,pCity,pState,pZipCode,cAddress,cCity,cState,cZipCode,boardName10,passingYear10,percentage10,boardName12,passingYea12,percentage12,completionYear,collegePecentage,collegName,collegeCity,collegeState,degreeName,subjectName,gradUniversityRollNo,eduMode,backPaper,affiliatedTo,testAttemptTime,englishScore,englishPercentile,vocabulary,grammar,comprehension,quantitativeAbilityScore,quantitativeAbilityPercentage,basicMathematics,engineeringMathematics,appliedMathematics,logicalAbilityScore,logicalAbilityPercentage,inductiveReasoning,deductiveReasoning,abductiveReasoning,parentTitle,parentName,pref1Function,prefOfGurgaon1,prefOfHyderabad1,prefOfMumbai1,prefOfBengaluru,pref2Function,prefOfGurgaon2,prefOfMumbai2,prefOfHyderabad2,prefOfBengaluru2,function,panelists,interviewers,observers,campus_id,inactive,createdBy,createdDt,updatedBy,updatedDt,groupDiscussionResult,interviewResult,consensusResult) values (10,11200072375799,'FirstName3','LastName3',null,'shaileshkumar042@gmail.com','shailesh.kumar7@yahoo.com',9958439112,1126148745,9711993515,'0091-04-07 00:00:00','Male','56-L C.B.I Colony Vasant Vihar','New Delhi','Delhi',110057,'56-L C.B.I Colony Vasant Vihar','New Delhi','Delhi',110057,'CBSE',2007,88.20,'CBSE',2009,83.00,2014,62.89,'Delhi College of Engineering','New Delhi','Delhi','B.Tech/B.E.','SOFTWARE ENGINEERING','2K10/SE/051','Full Time',0,'University of Delhi',null,554.00,78.50,0.56,0.51,0.56,575.00,75.70,0.61,0.56,0.48,580.00,87.30,0.64,0.60,0.50,'Mr',null,'Ravinder Kumar','Consulting','1.0','2.0','4.0','3.0','OIM','1.0','NA','NA',null,null,null,null,1,null,null,null,null,null,'Y','Y','');
insert into care_deloitte.candidate_details(candidate_id,amcatID,firstName,lastName,middleName,emailID,alternateEmailID,mobileNumber,landLine,fatherMobileNo,dob,gender,pAddress,pCity,pState,pZipCode,cAddress,cCity,cState,cZipCode,boardName10,passingYear10,percentage10,boardName12,passingYea12,percentage12,completionYear,collegePecentage,collegName,collegeCity,collegeState,degreeName,subjectName,gradUniversityRollNo,eduMode,backPaper,affiliatedTo,testAttemptTime,englishScore,englishPercentile,vocabulary,grammar,comprehension,quantitativeAbilityScore,quantitativeAbilityPercentage,basicMathematics,engineeringMathematics,appliedMathematics,logicalAbilityScore,logicalAbilityPercentage,inductiveReasoning,deductiveReasoning,abductiveReasoning,parentTitle,parentName,pref1Function,prefOfGurgaon1,prefOfHyderabad1,prefOfMumbai1,prefOfBengaluru,pref2Function,prefOfGurgaon2,prefOfMumbai2,prefOfHyderabad2,prefOfBengaluru2,function,panelists,interviewers,observers,campus_id,inactive,createdBy,createdDt,updatedBy,updatedDt,groupDiscussionResult,interviewResult,consensusResult) values (11,11200072150317,'FirstName4','LastName4',null,'r28singh@gmail.com','rajulsingh37@gmail.com',9650063935,null,9213763609,'0092-04-18 00:00:00','Male','b-521 g d colony , mayur vihar phase-3','New Delhi','Delhi',110096,'b-521 g d colony , mayur vihar phase-3','New Delhi','Delhi',110096,'CBSE',2008,89.00,'CBSE',2010,76.00,2014,63.00,'Delhi College of Engineering','New Delhi','Delhi','B.Tech/B.E.','Information Technology','2K10/IT/049','Full Time',0,'University of Delhi',null,515.00,65.50,0.48,0.57,0.49,-1.00,0.00,0.50,0.64,0.61,640.00,95.80,0.67,0.71,0.53,'Mr',null,'Mahendra Pal Singh','Consulting','1.0','2.0','3.0','4.0','ERS','1.0','2.0','NA',null,null,null,null,1,null,null,null,null,null,'Y','Y','');
insert into care_deloitte.candidate_details(candidate_id,amcatID,firstName,lastName,middleName,emailID,alternateEmailID,mobileNumber,landLine,fatherMobileNo,dob,gender,pAddress,pCity,pState,pZipCode,cAddress,cCity,cState,cZipCode,boardName10,passingYear10,percentage10,boardName12,passingYea12,percentage12,completionYear,collegePecentage,collegName,collegeCity,collegeState,degreeName,subjectName,gradUniversityRollNo,eduMode,backPaper,affiliatedTo,testAttemptTime,englishScore,englishPercentile,vocabulary,grammar,comprehension,quantitativeAbilityScore,quantitativeAbilityPercentage,basicMathematics,engineeringMathematics,appliedMathematics,logicalAbilityScore,logicalAbilityPercentage,inductiveReasoning,deductiveReasoning,abductiveReasoning,parentTitle,parentName,pref1Function,prefOfGurgaon1,prefOfHyderabad1,prefOfMumbai1,prefOfBengaluru,pref2Function,prefOfGurgaon2,prefOfMumbai2,prefOfHyderabad2,prefOfBengaluru2,function,panelists,interviewers,observers,campus_id,inactive,createdBy,createdDt,updatedBy,updatedDt,groupDiscussionResult,interviewResult,consensusResult) values (12,11200072564963,'FirstName5','LastName5',null,'vineet240390@yahoo.in','vineet240390@gmail.com',8800285929,3612733294,9864502756,'0090-03-24 00:00:00','Male','C/O P.K. DEY BUILDING,REHABARI SARABHATTI','Guwahati','Assam',781008,'ROOM NO.: 306, VVS HOSTEL','New Delhi','Delhi',110042,'State Board',2007,84.00,'CBSE',2009,86.00,2014,70.45,'Delhi College of Engineering','New Delhi','Delhi','B.Tech/B.E.','Computer Engineering','2K10/CO/111','Full Time',0,'University of Delhi',null,475.00,50.00,0.47,0.50,0.48,735.00,98.20,0.68,0.56,0.61,620.00,93.80,0.58,0.78,0.49,'Mr',null,'BIMAL Kr. AGARWAL','OIM','1.0','NA','NA','NA','FAS-AFT','1.0','NA','NA',null,null,null,null,1,null,null,null,null,null,'Y','Y','');
insert into care_deloitte.candidate_details(candidate_id,amcatID,firstName,lastName,middleName,emailID,alternateEmailID,mobileNumber,landLine,fatherMobileNo,dob,gender,pAddress,pCity,pState,pZipCode,cAddress,cCity,cState,cZipCode,boardName10,passingYear10,percentage10,boardName12,passingYea12,percentage12,completionYear,collegePecentage,collegName,collegeCity,collegeState,degreeName,subjectName,gradUniversityRollNo,eduMode,backPaper,affiliatedTo,testAttemptTime,englishScore,englishPercentile,vocabulary,grammar,comprehension,quantitativeAbilityScore,quantitativeAbilityPercentage,basicMathematics,engineeringMathematics,appliedMathematics,logicalAbilityScore,logicalAbilityPercentage,inductiveReasoning,deductiveReasoning,abductiveReasoning,parentTitle,parentName,pref1Function,prefOfGurgaon1,prefOfHyderabad1,prefOfMumbai1,prefOfBengaluru,pref2Function,prefOfGurgaon2,prefOfMumbai2,prefOfHyderabad2,prefOfBengaluru2,function,panelists,interviewers,observers,campus_id,inactive,createdBy,createdDt,updatedBy,updatedDt,groupDiscussionResult,interviewResult,consensusResult) values (13,11200072843638,'FirstName6','LastName6',null,'aakashchauhan@live.com','ch.m.aakash@gmail.com',9873336854,null,9917110399,'0091-07-14 00:00:00','Male','10/1064, steet 3, delhi sharanpur road, Baraut','Baghpat','Uttar Pradesh',250611,'Roon 416, BMH hostel, DTU','New Delhi','Delhi',110042,'CBSE',2007,91.60,'CBSE',2009,86.60,2014,67.50,'Delhi College of Engineering','New Delhi','Delhi','B.Tech/B.E.','Computer Engineering','2k10/co/04','Full Time',0,'Autonomous Institute',null,495.00,57.90,0.52,0.49,0.45,665.00,93.00,0.64,0.65,0.48,605.00,91.70,0.68,0.63,0.52,'Mr',null,'sahan singh chauhan','Consulting','3.0','2.0','4.0','1.0','ERS','1.0','2.0','NA',null,null,null,null,1,null,null,null,null,null,'Y','Y','');
insert into care_deloitte.candidate_details(candidate_id,amcatID,firstName,lastName,middleName,emailID,alternateEmailID,mobileNumber,landLine,fatherMobileNo,dob,gender,pAddress,pCity,pState,pZipCode,cAddress,cCity,cState,cZipCode,boardName10,passingYear10,percentage10,boardName12,passingYea12,percentage12,completionYear,collegePecentage,collegName,collegeCity,collegeState,degreeName,subjectName,gradUniversityRollNo,eduMode,backPaper,affiliatedTo,testAttemptTime,englishScore,englishPercentile,vocabulary,grammar,comprehension,quantitativeAbilityScore,quantitativeAbilityPercentage,basicMathematics,engineeringMathematics,appliedMathematics,logicalAbilityScore,logicalAbilityPercentage,inductiveReasoning,deductiveReasoning,abductiveReasoning,parentTitle,parentName,pref1Function,prefOfGurgaon1,prefOfHyderabad1,prefOfMumbai1,prefOfBengaluru,pref2Function,prefOfGurgaon2,prefOfMumbai2,prefOfHyderabad2,prefOfBengaluru2,function,panelists,interviewers,observers,campus_id,inactive,createdBy,createdDt,updatedBy,updatedDt,groupDiscussionResult,interviewResult,consensusResult) values (14,11200072198655,'FirstName7','LastName7',null,'anshulbanwari@hotmail.com','anshulbanwari@gmail.com',9654121285,96523717450,9456265648,'0092-06-26 00:00:00','Male','I-126, Ashok Vihar Phase 1, Delhi 52','New Delhi','Delhi',110052,'VVS-327, Delhi Technological University, Bawana Road, Delhi','New Delhi','Delhi',110042,'CBSE',2008,89.00,'CBSE',2010,90.20,2014,62.00,'Delhi College of Engineering','New Delhi','Delhi','B.Tech/B.E.','Computer Engineering','2K10/CO/016','Full Time',0,'Deemed University',null,615.00,91.90,0.56,0.54,0.56,545.00,66.80,0.51,0.59,0.49,575.00,86.20,0.59,0.65,0.49,'Mr',null,'Sushil Kumar Banwari','EAG','1.0','NA','NA','NA','Consulting','1.0','2.0','4.0',null,null,null,null,1,null,null,null,null,null,'Y','Y','Y');
insert into care_deloitte.candidate_details(candidate_id,amcatID,firstName,lastName,middleName,emailID,alternateEmailID,mobileNumber,landLine,fatherMobileNo,dob,gender,pAddress,pCity,pState,pZipCode,cAddress,cCity,cState,cZipCode,boardName10,passingYear10,percentage10,boardName12,passingYea12,percentage12,completionYear,collegePecentage,collegName,collegeCity,collegeState,degreeName,subjectName,gradUniversityRollNo,eduMode,backPaper,affiliatedTo,testAttemptTime,englishScore,englishPercentile,vocabulary,grammar,comprehension,quantitativeAbilityScore,quantitativeAbilityPercentage,basicMathematics,engineeringMathematics,appliedMathematics,logicalAbilityScore,logicalAbilityPercentage,inductiveReasoning,deductiveReasoning,abductiveReasoning,parentTitle,parentName,pref1Function,prefOfGurgaon1,prefOfHyderabad1,prefOfMumbai1,prefOfBengaluru,pref2Function,prefOfGurgaon2,prefOfMumbai2,prefOfHyderabad2,prefOfBengaluru2,function,panelists,interviewers,observers,campus_id,inactive,createdBy,createdDt,updatedBy,updatedDt,groupDiscussionResult,interviewResult,consensusResult) values (15,11200072102329,'FirstName8','LastName8',null,'abhishek1198v@gmail.com1','abhishek1198@yahoo.com',9999069946,4848987877,9648265053,'0093-07-02 00:00:00','Male','M/s. Abhishek Medical store, station kachahari road, infront of janta market,','Ballia','Uttar Pradesh',277001,'D-1/770, Gali No. 20, Near Hindon Public School,Harsh Vihar','New Delhi','Delhi',110093,'CBSE',2008,89.40,'CBSE',2010,83.00,2014,63.00,'Delhi College of Engineering','New Delhi','Delhi','B.Tech/B.E.','Information Technology','DTU/2K10/1156','Full Time',0,'University of Delhi',null,575.00,84.10,0.59,0.55,0.53,595.00,80.80,0.62,0.53,0.55,555.00,81.40,0.57,0.60,0.49,'Mr',null,'Rajender Prasad','ERS','1.0','2.0','NA','NA','Consulting','1.0','2.0','3.0',null,null,null,null,1,null,null,null,null,null,'Y','Y','Y');
insert into care_deloitte.candidate_details(candidate_id,amcatID,firstName,lastName,middleName,emailID,alternateEmailID,mobileNumber,landLine,fatherMobileNo,dob,gender,pAddress,pCity,pState,pZipCode,cAddress,cCity,cState,cZipCode,boardName10,passingYear10,percentage10,boardName12,passingYea12,percentage12,completionYear,collegePecentage,collegName,collegeCity,collegeState,degreeName,subjectName,gradUniversityRollNo,eduMode,backPaper,affiliatedTo,testAttemptTime,englishScore,englishPercentile,vocabulary,grammar,comprehension,quantitativeAbilityScore,quantitativeAbilityPercentage,basicMathematics,engineeringMathematics,appliedMathematics,logicalAbilityScore,logicalAbilityPercentage,inductiveReasoning,deductiveReasoning,abductiveReasoning,parentTitle,parentName,pref1Function,prefOfGurgaon1,prefOfHyderabad1,prefOfMumbai1,prefOfBengaluru,pref2Function,prefOfGurgaon2,prefOfMumbai2,prefOfHyderabad2,prefOfBengaluru2,function,panelists,interviewers,observers,campus_id,inactive,createdBy,createdDt,updatedBy,updatedDt,groupDiscussionResult,interviewResult,consensusResult) values (16,11200072737115,'FirstName9','LastName9',null,'test@test.com1','test@test.com1',9999069947,null,9576050609,'0094-07-08 00:00:00','Male','h.no-90,J$k Block,laxmi nagar','New Delhi','Delhi',353488,null,'New Delhi','Delhi',110052,'CBSE',2007,88.54,'CBSE',2009,85.01,2014,62.57,'Delhi College of Engineering','New Delhi','Delhi','B.Tech/B.E.','Computer Engineering','2k10/co/115','Full Time',0,'University of Delhi',null,565.39,78.28,0.57,0.52,0.50,548.29,71.22,0.61,0.56,0.50,597.14,90.53,0.62,0.67,0.50,'Mr',null,'J.K.Bolia','Consulting','1.0','2.0','4.0','3.0','ERS','1.0','2.0','NA',null,null,null,null,1,null,null,null,null,null,'Y','Y','Y');
insert into care_deloitte.candidate_details(candidate_id,amcatID,firstName,lastName,middleName,emailID,alternateEmailID,mobileNumber,landLine,fatherMobileNo,dob,gender,pAddress,pCity,pState,pZipCode,cAddress,cCity,cState,cZipCode,boardName10,passingYear10,percentage10,boardName12,passingYea12,percentage12,completionYear,collegePecentage,collegName,collegeCity,collegeState,degreeName,subjectName,gradUniversityRollNo,eduMode,backPaper,affiliatedTo,testAttemptTime,englishScore,englishPercentile,vocabulary,grammar,comprehension,quantitativeAbilityScore,quantitativeAbilityPercentage,basicMathematics,engineeringMathematics,appliedMathematics,logicalAbilityScore,logicalAbilityPercentage,inductiveReasoning,deductiveReasoning,abductiveReasoning,parentTitle,parentName,pref1Function,prefOfGurgaon1,prefOfHyderabad1,prefOfMumbai1,prefOfBengaluru,pref2Function,prefOfGurgaon2,prefOfMumbai2,prefOfHyderabad2,prefOfBengaluru2,function,panelists,interviewers,observers,campus_id,inactive,createdBy,createdDt,updatedBy,updatedDt,groupDiscussionResult,interviewResult,consensusResult) values (17,11200072463738,'FirstName10','LastName10','Dagar','test@test.com2','test@test.com2',9999069948,1126148746,9551463839,'0095-07-14 00:00:00','Male','E-4/21 , sector-7, Rohini, Delhi','New Delhi','Delhi',380401,null,'New Delhi','Delhi',110048,'CBSE',2007,88.52,'CBSE',2009,85.06,2014,61.87,'Delhi College of Engineering','New Delhi','Delhi','B.Tech/B.E.','Computer Engineering','2k10/SE/058','Full Time',0,'University of Delhi',null,572.45,80.07,0.58,0.52,0.49,546.15,70.32,0.61,0.56,0.49,599.70,91.28,0.62,0.67,0.50,'Mr',null,'Balwan Singh ','Consulting','1.0','3.0','4.0','2.0','FAS-AFT','1.0','NA','NA',null,null,null,null,1,null,null,null,null,null,'Y','Y','Y');
insert into care_deloitte.candidate_details(candidate_id,amcatID,firstName,lastName,middleName,emailID,alternateEmailID,mobileNumber,landLine,fatherMobileNo,dob,gender,pAddress,pCity,pState,pZipCode,cAddress,cCity,cState,cZipCode,boardName10,passingYear10,percentage10,boardName12,passingYea12,percentage12,completionYear,collegePecentage,collegName,collegeCity,collegeState,degreeName,subjectName,gradUniversityRollNo,eduMode,backPaper,affiliatedTo,testAttemptTime,englishScore,englishPercentile,vocabulary,grammar,comprehension,quantitativeAbilityScore,quantitativeAbilityPercentage,basicMathematics,engineeringMathematics,appliedMathematics,logicalAbilityScore,logicalAbilityPercentage,inductiveReasoning,deductiveReasoning,abductiveReasoning,parentTitle,parentName,pref1Function,prefOfGurgaon1,prefOfHyderabad1,prefOfMumbai1,prefOfBengaluru,pref2Function,prefOfGurgaon2,prefOfMumbai2,prefOfHyderabad2,prefOfBengaluru2,function,panelists,interviewers,observers,campus_id,inactive,createdBy,createdDt,updatedBy,updatedDt,groupDiscussionResult,interviewResult,consensusResult) values (18,11200072259832,'FirstName11','LastName11',null,'test@test.com3','test@test.com3',9999069949,null,9526877068,'0096-07-19 00:00:00','Male','56-L C.B.I Colony Vasant Vihar','New Delhi','Delhi',407315,null,'New Delhi','Delhi',110044,'CBSE',2007,88.50,'CBSE',2009,85.12,2014,61.16,'Delhi College of Engineering','New Delhi','Delhi','B.Tech/B.E.','SOFTWARE ENGINEERING','2k10/SE/065','Full Time',0,'University of Delhi',null,579.51,81.87,0.60,0.52,0.49,544.02,69.41,0.61,0.55,0.48,602.26,92.04,0.63,0.68,0.50,'Mr',null,'J S Rawal','Consulting','1.0','2.0','3.0','4.0','ERS','1.0','2.0','NA',null,null,null,null,1,null,null,null,null,null,'Y','Y','Y');
insert into care_deloitte.candidate_details(candidate_id,amcatID,firstName,lastName,middleName,emailID,alternateEmailID,mobileNumber,landLine,fatherMobileNo,dob,gender,pAddress,pCity,pState,pZipCode,cAddress,cCity,cState,cZipCode,boardName10,passingYear10,percentage10,boardName12,passingYea12,percentage12,completionYear,collegePecentage,collegName,collegeCity,collegeState,degreeName,subjectName,gradUniversityRollNo,eduMode,backPaper,affiliatedTo,testAttemptTime,englishScore,englishPercentile,vocabulary,grammar,comprehension,quantitativeAbilityScore,quantitativeAbilityPercentage,basicMathematics,engineeringMathematics,appliedMathematics,logicalAbilityScore,logicalAbilityPercentage,inductiveReasoning,deductiveReasoning,abductiveReasoning,parentTitle,parentName,pref1Function,prefOfGurgaon1,prefOfHyderabad1,prefOfMumbai1,prefOfBengaluru,pref2Function,prefOfGurgaon2,prefOfMumbai2,prefOfHyderabad2,prefOfBengaluru2,function,panelists,interviewers,observers,campus_id,inactive,createdBy,createdDt,updatedBy,updatedDt,groupDiscussionResult,interviewResult,consensusResult) values (19,11200072604157,'FirstName12','LastName12',null,'test@test.com4','test@test.com4',9999069950,189434701606,9502290298,'0097-07-25 00:00:00','Male','b-521 g d colony , mayur vihar phase-4','New Delhi','Delhi',434229,null,'New Delhi','Delhi',110041,'CBSE',2007,88.47,'CBSE',2009,85.18,2014,60.45,'Delhi College of Engineering','New Delhi','Delhi','B.Tech/B.E.','Information Technology','2K10/IT/050','Full Time',0,'University of Delhi',null,586.57,83.66,0.61,0.51,0.48,541.89,68.50,0.62,0.54,0.47,604.82,92.80,0.63,0.68,0.50,'Mr',null,'VIJAY KUMAR DANG','Consulting','1.0','2.0','3.0','4.0','ERS','1.0','2.0','NA',null,null,null,null,1,null,null,null,null,null,'Y','Y','Y');
insert into care_deloitte.candidate_details(candidate_id,amcatID,firstName,lastName,middleName,emailID,alternateEmailID,mobileNumber,landLine,fatherMobileNo,dob,gender,pAddress,pCity,pState,pZipCode,cAddress,cCity,cState,cZipCode,boardName10,passingYear10,percentage10,boardName12,passingYea12,percentage12,completionYear,collegePecentage,collegName,collegeCity,collegeState,degreeName,subjectName,gradUniversityRollNo,eduMode,backPaper,affiliatedTo,testAttemptTime,englishScore,englishPercentile,vocabulary,grammar,comprehension,quantitativeAbilityScore,quantitativeAbilityPercentage,basicMathematics,engineeringMathematics,appliedMathematics,logicalAbilityScore,logicalAbilityPercentage,inductiveReasoning,deductiveReasoning,abductiveReasoning,parentTitle,parentName,pref1Function,prefOfGurgaon1,prefOfHyderabad1,prefOfMumbai1,prefOfBengaluru,pref2Function,prefOfGurgaon2,prefOfMumbai2,prefOfHyderabad2,prefOfBengaluru2,function,panelists,interviewers,observers,campus_id,inactive,createdBy,createdDt,updatedBy,updatedDt,groupDiscussionResult,interviewResult,consensusResult) values (20,11200072623577,'FirstName13','LastName13',null,'test@test.com5','test@test.com5',9999069951,null,9477703527,'0098-07-31 00:00:00','Male','C/O P.K. DEY BUILDING,REHABARI SARABHATTI','Guwahati','Assam',461143,null,'New Delhi','Delhi',110037,'State Board',2007,88.45,'CBSE',2009,85.24,2014,59.75,'Delhi College of Engineering','New Delhi','Delhi','B.Tech/B.E.','Computer Engineering','2K10/CO/111','Full Time',0,'University of Delhi',null,593.63,85.46,0.62,0.51,0.48,539.76,67.59,0.62,0.54,0.46,607.38,93.56,0.63,0.68,0.51,'Mr',null,'krishan','Consulting','1.0','2.0','4.0','3.0','ERS','1.0','2.0','NA',null,null,null,null,1,null,null,null,null,null,'Y','Y','Y');
insert into care_deloitte.candidate_details(candidate_id,amcatID,firstName,lastName,middleName,emailID,alternateEmailID,mobileNumber,landLine,fatherMobileNo,dob,gender,pAddress,pCity,pState,pZipCode,cAddress,cCity,cState,cZipCode,boardName10,passingYear10,percentage10,boardName12,passingYea12,percentage12,completionYear,collegePecentage,collegName,collegeCity,collegeState,degreeName,subjectName,gradUniversityRollNo,eduMode,backPaper,affiliatedTo,testAttemptTime,englishScore,englishPercentile,vocabulary,grammar,comprehension,quantitativeAbilityScore,quantitativeAbilityPercentage,basicMathematics,engineeringMathematics,appliedMathematics,logicalAbilityScore,logicalAbilityPercentage,inductiveReasoning,deductiveReasoning,abductiveReasoning,parentTitle,parentName,pref1Function,prefOfGurgaon1,prefOfHyderabad1,prefOfMumbai1,prefOfBengaluru,pref2Function,prefOfGurgaon2,prefOfMumbai2,prefOfHyderabad2,prefOfBengaluru2,function,panelists,interviewers,observers,campus_id,inactive,createdBy,createdDt,updatedBy,updatedDt,groupDiscussionResult,interviewResult,consensusResult) values (21,11200072208894,'FirstName14','LastName14',null,'test@test.com6','test@test.com6',9999069952,282345685762,9453116756,'0099-08-06 00:00:00','Male','10/1064, steet 3, delhi sharanpur road, Baraut','Baghpat','Uttar Pradesh',488057,null,'New Delhi','Delhi',110033,'CBSE',2007,88.42,'CBSE',2009,85.29,2014,59.04,'Delhi College of Engineering','New Delhi','Delhi','B.Tech/B.E.','Computer Engineering','2k10/co/04','Full Time',0,'Autonomous Institute',null,600.69,87.25,0.63,0.51,0.47,537.63,66.68,0.62,0.53,0.45,609.94,94.32,0.64,0.69,0.51,'Mr',null,'Ramphal','Consulting','1.0','4.0','3.0','2.0','OIM','1.0','NA','NA',null,null,null,null,1,null,null,null,null,null,'Y','Y','Y');
insert into care_deloitte.candidate_details(candidate_id,amcatID,firstName,lastName,middleName,emailID,alternateEmailID,mobileNumber,landLine,fatherMobileNo,dob,gender,pAddress,pCity,pState,pZipCode,cAddress,cCity,cState,cZipCode,boardName10,passingYear10,percentage10,boardName12,passingYea12,percentage12,completionYear,collegePecentage,collegName,collegeCity,collegeState,degreeName,subjectName,gradUniversityRollNo,eduMode,backPaper,affiliatedTo,testAttemptTime,englishScore,englishPercentile,vocabulary,grammar,comprehension,quantitativeAbilityScore,quantitativeAbilityPercentage,basicMathematics,engineeringMathematics,appliedMathematics,logicalAbilityScore,logicalAbilityPercentage,inductiveReasoning,deductiveReasoning,abductiveReasoning,parentTitle,parentName,pref1Function,prefOfGurgaon1,prefOfHyderabad1,prefOfMumbai1,prefOfBengaluru,pref2Function,prefOfGurgaon2,prefOfMumbai2,prefOfHyderabad2,prefOfBengaluru2,function,panelists,interviewers,observers,campus_id,inactive,createdBy,createdDt,updatedBy,updatedDt,groupDiscussionResult,interviewResult,consensusResult) values (22,11200072663460,'FirstName15','LastName15',null,'test@test.com7','test@test.com7',9999069953,4848987878,9428529986,'0001-08-11 00:00:00','Male','I-126, Ashok Vihar Phase 1, Delhi 53','New Delhi','Delhi',514971,null,'New Delhi','Delhi',110030,'CBSE',2007,88.40,'CBSE',2009,85.35,2014,58.33,'Delhi College of Engineering','New Delhi','Delhi','B.Tech/B.E.','Computer Engineering','2K10/CO/016','Full Time',0,'Deemed University',null,607.75,89.05,0.65,0.51,0.47,535.50,65.78,0.63,0.52,0.44,612.50,95.08,0.64,0.69,0.51,'Mr',null,'Aqil qureshi','FAS-AFT','1.0','NA','NA','NA','Consulting','1.0','3.0','4.0',null,null,null,null,1,null,null,null,null,null,'Y','Y','');
insert into care_deloitte.candidate_details(candidate_id,amcatID,firstName,lastName,middleName,emailID,alternateEmailID,mobileNumber,landLine,fatherMobileNo,dob,gender,pAddress,pCity,pState,pZipCode,cAddress,cCity,cState,cZipCode,boardName10,passingYear10,percentage10,boardName12,passingYea12,percentage12,completionYear,collegePecentage,collegName,collegeCity,collegeState,degreeName,subjectName,gradUniversityRollNo,eduMode,backPaper,affiliatedTo,testAttemptTime,englishScore,englishPercentile,vocabulary,grammar,comprehension,quantitativeAbilityScore,quantitativeAbilityPercentage,basicMathematics,engineeringMathematics,appliedMathematics,logicalAbilityScore,logicalAbilityPercentage,inductiveReasoning,deductiveReasoning,abductiveReasoning,parentTitle,parentName,pref1Function,prefOfGurgaon1,prefOfHyderabad1,prefOfMumbai1,prefOfBengaluru,pref2Function,prefOfGurgaon2,prefOfMumbai2,prefOfHyderabad2,prefOfBengaluru2,function,panelists,interviewers,observers,campus_id,inactive,createdBy,createdDt,updatedBy,updatedDt,groupDiscussionResult,interviewResult,consensusResult) values (23,11200072558079,'FirstName16','LastName16',null,'test@test.com8','test@test.com8',9999069954,null,9403943215,'0001-08-17 00:00:00','Male','M/s. Abhishek Medical store, station kachahari road, infront of janta market,','Ballia','Uttar Pradesh',541885,null,'New Delhi','Delhi',110026,'CBSE',2007,88.38,'CBSE',2009,85.41,2014,57.63,'Delhi College of Engineering','New Delhi','Delhi','B.Tech/B.E.','Information Technology','DTU/2K10/1157','Full Time',0,'University of Delhi',null,614.81,90.85,0.66,0.51,0.46,533.37,64.87,0.63,0.51,0.43,615.06,95.83,0.64,0.70,0.51,'Mr',null,'Ashok Kumar Singh','OIM','1.0','NA','NA','NA','ERS','1.0','2.0','NA',null,null,null,null,1,null,null,null,null,null,'Y','Y','');
insert into care_deloitte.candidate_details(candidate_id,amcatID,firstName,lastName,middleName,emailID,alternateEmailID,mobileNumber,landLine,fatherMobileNo,dob,gender,pAddress,pCity,pState,pZipCode,cAddress,cCity,cState,cZipCode,boardName10,passingYear10,percentage10,boardName12,passingYea12,percentage12,completionYear,collegePecentage,collegName,collegeCity,collegeState,degreeName,subjectName,gradUniversityRollNo,eduMode,backPaper,affiliatedTo,testAttemptTime,englishScore,englishPercentile,vocabulary,grammar,comprehension,quantitativeAbilityScore,quantitativeAbilityPercentage,basicMathematics,engineeringMathematics,appliedMathematics,logicalAbilityScore,logicalAbilityPercentage,inductiveReasoning,deductiveReasoning,abductiveReasoning,parentTitle,parentName,pref1Function,prefOfGurgaon1,prefOfHyderabad1,prefOfMumbai1,prefOfBengaluru,pref2Function,prefOfGurgaon2,prefOfMumbai2,prefOfHyderabad2,prefOfBengaluru2,function,panelists,interviewers,observers,campus_id,inactive,createdBy,createdDt,updatedBy,updatedDt,groupDiscussionResult,interviewResult,consensusResult) values (24,11200072340447,'FirstName17','LastName17',null,'test@test.com9','test@test.com9',9999069955,1126148747,9379356445,'0002-08-23 00:00:00','Male','h.no-90,J$k Block,laxmi nagar','New Delhi','Delhi',568799,null,'New Delhi','Delhi',110022,'CBSE',2007,88.35,'CBSE',2009,85.46,2014,56.92,'Delhi College of Engineering','New Delhi','Delhi','B.Tech/B.E.','Computer Engineering','2k10/co/116','Full Time',0,'University of Delhi',null,621.87,92.64,0.67,0.50,0.45,531.24,63.96,0.63,0.51,0.42,617.62,96.59,0.65,0.70,0.51,'Mr',null,'tekchand gupta','Consulting','1.0','2.0','4.0','3.0','FAS-AFT','1.0','NA','NA',null,null,null,null,1,null,null,null,null,null,'Y','Y','');
insert into care_deloitte.candidate_details(candidate_id,amcatID,firstName,lastName,middleName,emailID,alternateEmailID,mobileNumber,landLine,fatherMobileNo,dob,gender,pAddress,pCity,pState,pZipCode,cAddress,cCity,cState,cZipCode,boardName10,passingYear10,percentage10,boardName12,passingYea12,percentage12,completionYear,collegePecentage,collegName,collegeCity,collegeState,degreeName,subjectName,gradUniversityRollNo,eduMode,backPaper,affiliatedTo,testAttemptTime,englishScore,englishPercentile,vocabulary,grammar,comprehension,quantitativeAbilityScore,quantitativeAbilityPercentage,basicMathematics,engineeringMathematics,appliedMathematics,logicalAbilityScore,logicalAbilityPercentage,inductiveReasoning,deductiveReasoning,abductiveReasoning,parentTitle,parentName,pref1Function,prefOfGurgaon1,prefOfHyderabad1,prefOfMumbai1,prefOfBengaluru,pref2Function,prefOfGurgaon2,prefOfMumbai2,prefOfHyderabad2,prefOfBengaluru2,function,panelists,interviewers,observers,campus_id,inactive,createdBy,createdDt,updatedBy,updatedDt,groupDiscussionResult,interviewResult,consensusResult) values (25,11200072707247,'FirstName18','LastName18','Prasad','test@test.com10','test@test.com10',9999069956,null,9354769674,'0003-08-29 00:00:00','Male','E-4/21 , sector-7, Rohini, Delhi','New Delhi','Delhi',595713,null,'New Delhi','Delhi',110019,'CBSE',2007,88.33,'CBSE',2009,85.52,2014,56.21,'Delhi College of Engineering','New Delhi','Delhi','B.Tech/B.E.','Computer Engineering','2k10/SE/072','Full Time',0,'University of Delhi',null,628.93,94.44,0.68,0.50,0.45,529.11,63.05,0.64,0.50,0.40,620.18,97.35,0.65,0.70,0.51,'Mr',null,'BAIJNATH PRASAD','ERS','1.0','2.0','NA','NA','Consulting','1.0','4.0','3.0',null,null,null,null,1,null,null,null,null,null,'Y','Y','');
insert into care_deloitte.candidate_details(candidate_id,amcatID,firstName,lastName,middleName,emailID,alternateEmailID,mobileNumber,landLine,fatherMobileNo,dob,gender,pAddress,pCity,pState,pZipCode,cAddress,cCity,cState,cZipCode,boardName10,passingYear10,percentage10,boardName12,passingYea12,percentage12,completionYear,collegePecentage,collegName,collegeCity,collegeState,degreeName,subjectName,gradUniversityRollNo,eduMode,backPaper,affiliatedTo,testAttemptTime,englishScore,englishPercentile,vocabulary,grammar,comprehension,quantitativeAbilityScore,quantitativeAbilityPercentage,basicMathematics,engineeringMathematics,appliedMathematics,logicalAbilityScore,logicalAbilityPercentage,inductiveReasoning,deductiveReasoning,abductiveReasoning,parentTitle,parentName,pref1Function,prefOfGurgaon1,prefOfHyderabad1,prefOfMumbai1,prefOfBengaluru,pref2Function,prefOfGurgaon2,prefOfMumbai2,prefOfHyderabad2,prefOfBengaluru2,function,panelists,interviewers,observers,campus_id,inactive,createdBy,createdDt,updatedBy,updatedDt,groupDiscussionResult,interviewResult,consensusResult) values (56,11200074718693,'FirstName49','LastName49',null,'test@test.com41','test@test.com41',9999069987,1932580868614,8592579786,'0035-02-23 00:00:00','Male','56-L C.B.I Colony Vasant Vihar','New Delhi','Delhi',1430046,null,'New Delhi','Delhi',109905,'CBSE',2007,87.59,'CBSE',2009,87.29,2014,42.07,'Delhi College of Engineering','New Delhi','Delhi','B.Tech/B.E.','SOFTWARE ENGINEERING','2k10/SE/163','Full Time',0,'University of Delhi',null,847.77,150.09,1.06,0.43,0.28,463.05,34.89,0.75,0.27,0.07,699.52,120.86,0.75,0.82,0.53,'Mr',null,'Digvijay Srivastava','Consulting','1.0','-0.7','3.5','10.0','OIM','1.0','NA','NA',null,null,null,null,1,null,null,null,null,null,'Y','Y','');
insert into care_deloitte.candidate_details(candidate_id,amcatID,firstName,lastName,middleName,emailID,alternateEmailID,mobileNumber,landLine,fatherMobileNo,dob,gender,pAddress,pCity,pState,pZipCode,cAddress,cCity,cState,cZipCode,boardName10,passingYear10,percentage10,boardName12,passingYea12,percentage12,completionYear,collegePecentage,collegName,collegeCity,collegeState,degreeName,subjectName,gradUniversityRollNo,eduMode,backPaper,affiliatedTo,testAttemptTime,englishScore,englishPercentile,vocabulary,grammar,comprehension,quantitativeAbilityScore,quantitativeAbilityPercentage,basicMathematics,engineeringMathematics,appliedMathematics,logicalAbilityScore,logicalAbilityPercentage,inductiveReasoning,deductiveReasoning,abductiveReasoning,parentTitle,parentName,pref1Function,prefOfGurgaon1,prefOfHyderabad1,prefOfMumbai1,prefOfBengaluru,pref2Function,prefOfGurgaon2,prefOfMumbai2,prefOfHyderabad2,prefOfBengaluru2,function,panelists,interviewers,observers,campus_id,inactive,createdBy,createdDt,updatedBy,updatedDt,groupDiscussionResult,interviewResult,consensusResult) values (57,11200074790349,'FirstName50','LastName50',null,'test@test.com42','test@test.com42',9999069988,2031775136043,8567993015,'0036-02-29 00:00:00','Male','b-521 g d colony , mayur vihar phase-11','New Delhi','Delhi',1456960,null,'New Delhi','Delhi',109902,'CBSE',2007,87.57,'CBSE',2009,87.35,2014,42.07,'Delhi College of Engineering','New Delhi','Delhi','B.Tech/B.E.','Information Technology','2K10/IT/057','Full Time',0,'University of Delhi',null,854.83,151.88,1.07,0.42,0.28,460.92,33.98,0.76,0.26,0.05,702.08,121.62,0.76,0.82,0.53,'Mr',null,'Suresh Kumar','Consulting','1.0','-0.8','3.5','10.3','ERS','1.0','2.0','NA',null,null,null,null,1,null,null,null,null,null,'Y','','');
insert into care_deloitte.candidate_details(candidate_id,amcatID,firstName,lastName,middleName,emailID,alternateEmailID,mobileNumber,landLine,fatherMobileNo,dob,gender,pAddress,pCity,pState,pZipCode,cAddress,cCity,cState,cZipCode,boardName10,passingYear10,percentage10,boardName12,passingYea12,percentage12,completionYear,collegePecentage,collegName,collegeCity,collegeState,degreeName,subjectName,gradUniversityRollNo,eduMode,backPaper,affiliatedTo,testAttemptTime,englishScore,englishPercentile,vocabulary,grammar,comprehension,quantitativeAbilityScore,quantitativeAbilityPercentage,basicMathematics,engineeringMathematics,appliedMathematics,logicalAbilityScore,logicalAbilityPercentage,inductiveReasoning,deductiveReasoning,abductiveReasoning,parentTitle,parentName,pref1Function,prefOfGurgaon1,prefOfHyderabad1,prefOfMumbai1,prefOfBengaluru,pref2Function,prefOfGurgaon2,prefOfMumbai2,prefOfHyderabad2,prefOfBengaluru2,function,panelists,interviewers,observers,campus_id,inactive,createdBy,createdDt,updatedBy,updatedDt,groupDiscussionResult,interviewResult,consensusResult) values (58,11200074862004,'FirstName51','LastName51',null,'test@test.com43','test@test.com43',9999069989,2130969403471,8543406244,'0037-03-06 00:00:00','Male','C/O P.K. DEY BUILDING,REHABARI SARABHATTI','Guwahati','Assam',1483874,null,'New Delhi','Delhi',109898,'State Board',2007,87.54,'CBSE',2009,87.41,2014,42.07,'Delhi College of Engineering','New Delhi','Delhi','B.Tech/B.E.','Computer Engineering','2K10/CO/1173','Full Time',0,'University of Delhi',null,861.89,153.68,1.08,0.42,0.27,458.79,33.08,0.76,0.25,0.04,704.64,122.37,0.76,0.83,0.53,'Mr',null,'RAM NATH','Consulting','1.0','-0.9','3.5','10.6','ERS','1.0','2.0','NA',null,null,null,null,1,null,null,null,null,null,'Y','','');
insert into care_deloitte.candidate_details(candidate_id,amcatID,firstName,lastName,middleName,emailID,alternateEmailID,mobileNumber,landLine,fatherMobileNo,dob,gender,pAddress,pCity,pState,pZipCode,cAddress,cCity,cState,cZipCode,boardName10,passingYear10,percentage10,boardName12,passingYea12,percentage12,completionYear,collegePecentage,collegName,collegeCity,collegeState,degreeName,subjectName,gradUniversityRollNo,eduMode,backPaper,affiliatedTo,testAttemptTime,englishScore,englishPercentile,vocabulary,grammar,comprehension,quantitativeAbilityScore,quantitativeAbilityPercentage,basicMathematics,engineeringMathematics,appliedMathematics,logicalAbilityScore,logicalAbilityPercentage,inductiveReasoning,deductiveReasoning,abductiveReasoning,parentTitle,parentName,pref1Function,prefOfGurgaon1,prefOfHyderabad1,prefOfMumbai1,prefOfBengaluru,pref2Function,prefOfGurgaon2,prefOfMumbai2,prefOfHyderabad2,prefOfBengaluru2,function,panelists,interviewers,observers,campus_id,inactive,createdBy,createdDt,updatedBy,updatedDt,groupDiscussionResult,interviewResult,consensusResult) values (59,11200074933659,'FirstName52','LastName52',null,'test@test.com44','test@test.com44',9999069990,2230163670900,8518819474,'0038-03-12 00:00:00','Male','10/1064, steet 3, delhi sharanpur road, Baraut','Baghpat','Uttar Pradesh',1510787,null,'New Delhi','Delhi',109895,'CBSE',2007,87.52,'CBSE',2009,87.46,2014,42.07,'Delhi College of Engineering','New Delhi','Delhi','B.Tech/B.E.','Computer Engineering','2K10/CO/1280','Full Time',0,'Autonomous Institute',null,868.95,155.47,1.09,0.42,0.27,456.65,32.17,0.76,0.24,0.03,707.20,123.13,0.76,0.83,0.53,'Mr',null,'Laxmi Narayan','Consulting','1.0','-1.0','3.5','10.9','ERS','1.0','2.0','NA',null,null,null,null,1,null,null,null,null,null,'Y','','');
insert into care_deloitte.candidate_details(candidate_id,amcatID,firstName,lastName,middleName,emailID,alternateEmailID,mobileNumber,landLine,fatherMobileNo,dob,gender,pAddress,pCity,pState,pZipCode,cAddress,cCity,cState,cZipCode,boardName10,passingYear10,percentage10,boardName12,passingYea12,percentage12,completionYear,collegePecentage,collegName,collegeCity,collegeState,degreeName,subjectName,gradUniversityRollNo,eduMode,backPaper,affiliatedTo,testAttemptTime,englishScore,englishPercentile,vocabulary,grammar,comprehension,quantitativeAbilityScore,quantitativeAbilityPercentage,basicMathematics,engineeringMathematics,appliedMathematics,logicalAbilityScore,logicalAbilityPercentage,inductiveReasoning,deductiveReasoning,abductiveReasoning,parentTitle,parentName,pref1Function,prefOfGurgaon1,prefOfHyderabad1,prefOfMumbai1,prefOfBengaluru,pref2Function,prefOfGurgaon2,prefOfMumbai2,prefOfHyderabad2,prefOfBengaluru2,function,panelists,interviewers,observers,campus_id,inactive,createdBy,createdDt,updatedBy,updatedDt,groupDiscussionResult,interviewResult,consensusResult) values (60,11200075005314,'FirstName53','LastName53','Prasad','test@test.com45','test@test.com45',9999069991,null,8494232703,'0039-03-18 00:00:00','Male','E-4/21 , sector-7, Rohini, Delhi','New Delhi','Delhi',1537701,null,'New Delhi','Delhi',109891,'CBSE',2007,87.50,'CBSE',2009,87.52,2014,42.07,'Delhi College of Engineering','New Delhi','Delhi','B.Tech/B.E.','Computer Engineering','2k10/SE/170','Full Time',0,'University of Delhi',null,876.01,157.27,1.11,0.42,0.26,454.52,31.26,0.77,0.23,0.02,709.76,123.89,0.77,0.84,0.53,'Mr',null,'BAIJNATH PRASAD','ERS','1.0','-1.1','NA','NA','Consulting','1.0','4.0','3.0',null,null,null,null,1,null,null,null,null,null,'Y','','');
insert into care_deloitte.candidate_details(candidate_id,amcatID,firstName,lastName,middleName,emailID,alternateEmailID,mobileNumber,landLine,fatherMobileNo,dob,gender,pAddress,pCity,pState,pZipCode,cAddress,cCity,cState,cZipCode,boardName10,passingYear10,percentage10,boardName12,passingYea12,percentage12,completionYear,collegePecentage,collegName,collegeCity,collegeState,degreeName,subjectName,gradUniversityRollNo,eduMode,backPaper,affiliatedTo,testAttemptTime,englishScore,englishPercentile,vocabulary,grammar,comprehension,quantitativeAbilityScore,quantitativeAbilityPercentage,basicMathematics,engineeringMathematics,appliedMathematics,logicalAbilityScore,logicalAbilityPercentage,inductiveReasoning,deductiveReasoning,abductiveReasoning,parentTitle,parentName,pref1Function,prefOfGurgaon1,prefOfHyderabad1,prefOfMumbai1,prefOfBengaluru,pref2Function,prefOfGurgaon2,prefOfMumbai2,prefOfHyderabad2,prefOfBengaluru2,function,panelists,interviewers,observers,campus_id,inactive,createdBy,createdDt,updatedBy,updatedDt,groupDiscussionResult,interviewResult,consensusResult) values (61,11200075076969,'FirstName54','LastName54',null,'test@test.com46','test@test.com46',9999069992,2329357938328,8469645933,'0040-03-23 00:00:00','Male','56-L C.B.I Colony Vasant Vihar','New Delhi','Delhi',1564615,null,'New Delhi','Delhi',109887,'CBSE',2007,87.47,'CBSE',2009,87.58,2014,42.07,'Delhi College of Engineering','New Delhi','Delhi','B.Tech/B.E.','SOFTWARE ENGINEERING','2k10/SE/177','Full Time',0,'University of Delhi',null,883.07,159.06,1.12,0.41,0.26,452.39,30.35,0.77,0.23,0.01,712.32,124.65,0.77,0.84,0.53,'Mr',null,'Digvijay Srivastava','Consulting','1.0','-1.2','3.5','11.2','OIM','1.0','NA','NA',null,null,null,null,1,null,null,null,null,null,'Y','','');
insert into care_deloitte.candidate_details(candidate_id,amcatID,firstName,lastName,middleName,emailID,alternateEmailID,mobileNumber,landLine,fatherMobileNo,dob,gender,pAddress,pCity,pState,pZipCode,cAddress,cCity,cState,cZipCode,boardName10,passingYear10,percentage10,boardName12,passingYea12,percentage12,completionYear,collegePecentage,collegName,collegeCity,collegeState,degreeName,subjectName,gradUniversityRollNo,eduMode,backPaper,affiliatedTo,testAttemptTime,englishScore,englishPercentile,vocabulary,grammar,comprehension,quantitativeAbilityScore,quantitativeAbilityPercentage,basicMathematics,engineeringMathematics,appliedMathematics,logicalAbilityScore,logicalAbilityPercentage,inductiveReasoning,deductiveReasoning,abductiveReasoning,parentTitle,parentName,pref1Function,prefOfGurgaon1,prefOfHyderabad1,prefOfMumbai1,prefOfBengaluru,pref2Function,prefOfGurgaon2,prefOfMumbai2,prefOfHyderabad2,prefOfBengaluru2,function,panelists,interviewers,observers,campus_id,inactive,createdBy,createdDt,updatedBy,updatedDt,groupDiscussionResult,interviewResult,consensusResult) values (62,11200075148625,'FirstName55','LastName55',null,'test@test.com47','test@test.com47',9999069993,2428552205757,8445059162,'0041-03-29 00:00:00','Male','b-521 g d colony , mayur vihar phase-12','New Delhi','Delhi',1591529,null,'New Delhi','Delhi',109884,'CBSE',2007,87.45,'CBSE',2009,87.64,2014,42.07,'Delhi College of Engineering','New Delhi','Delhi','B.Tech/B.E.','Information Technology','2K10/IT/058','Full Time',0,'University of Delhi',null,890.13,160.86,1.13,0.41,0.25,450.26,29.44,0.78,0.22,0.00,714.88,125.41,0.77,0.84,0.53,'Mr',null,'Suresh Kumar','Consulting','1.0','-1.3','3.5','11.5','ERS','1.0','2.0','NA',null,null,null,null,2,null,null,null,null,null,'Y','','');
insert into care_deloitte.candidate_details(candidate_id,amcatID,firstName,lastName,middleName,emailID,alternateEmailID,mobileNumber,landLine,fatherMobileNo,dob,gender,pAddress,pCity,pState,pZipCode,cAddress,cCity,cState,cZipCode,boardName10,passingYear10,percentage10,boardName12,passingYea12,percentage12,completionYear,collegePecentage,collegName,collegeCity,collegeState,degreeName,subjectName,gradUniversityRollNo,eduMode,backPaper,affiliatedTo,testAttemptTime,englishScore,englishPercentile,vocabulary,grammar,comprehension,quantitativeAbilityScore,quantitativeAbilityPercentage,basicMathematics,engineeringMathematics,appliedMathematics,logicalAbilityScore,logicalAbilityPercentage,inductiveReasoning,deductiveReasoning,abductiveReasoning,parentTitle,parentName,pref1Function,prefOfGurgaon1,prefOfHyderabad1,prefOfMumbai1,prefOfBengaluru,pref2Function,prefOfGurgaon2,prefOfMumbai2,prefOfHyderabad2,prefOfBengaluru2,function,panelists,interviewers,observers,campus_id,inactive,createdBy,createdDt,updatedBy,updatedDt,groupDiscussionResult,interviewResult,consensusResult) values (63,11200075220280,'FirstName56','LastName56',null,'test@test.com48','test@test.com48',9999069994,2527746473185,8420472391,'0042-04-04 00:00:00','Male','C/O P.K. DEY BUILDING,REHABARI SARABHATTI','Guwahati','Assam',1618443,null,'New Delhi','Delhi',109880,'State Board',2007,87.42,'CBSE',2009,87.69,2014,42.07,'Delhi College of Engineering','New Delhi','Delhi','B.Tech/B.E.','Computer Engineering','2K10/CO/1387','Full Time',0,'University of Delhi',null,897.19,162.65,1.14,0.41,0.25,448.13,28.53,0.78,0.21,-0.01,717.44,126.17,0.78,0.85,0.53,'Mr',null,'RAM NATH','Consulting','1.0','-1.4','3.5','11.8','ERS','1.0','2.0','NA',null,null,null,null,2,null,null,null,null,null,'Y','','');
insert into care_deloitte.candidate_details(candidate_id,amcatID,firstName,lastName,middleName,emailID,alternateEmailID,mobileNumber,landLine,fatherMobileNo,dob,gender,pAddress,pCity,pState,pZipCode,cAddress,cCity,cState,cZipCode,boardName10,passingYear10,percentage10,boardName12,passingYea12,percentage12,completionYear,collegePecentage,collegName,collegeCity,collegeState,degreeName,subjectName,gradUniversityRollNo,eduMode,backPaper,affiliatedTo,testAttemptTime,englishScore,englishPercentile,vocabulary,grammar,comprehension,quantitativeAbilityScore,quantitativeAbilityPercentage,basicMathematics,engineeringMathematics,appliedMathematics,logicalAbilityScore,logicalAbilityPercentage,inductiveReasoning,deductiveReasoning,abductiveReasoning,parentTitle,parentName,pref1Function,prefOfGurgaon1,prefOfHyderabad1,prefOfMumbai1,prefOfBengaluru,pref2Function,prefOfGurgaon2,prefOfMumbai2,prefOfHyderabad2,prefOfBengaluru2,function,panelists,interviewers,observers,campus_id,inactive,createdBy,createdDt,updatedBy,updatedDt,groupDiscussionResult,interviewResult,consensusResult) values (64,11200075291935,'FirstName57','LastName57',null,'test@test.com49','test@test.com49',9999069995,2626940740614,8395885621,'0043-04-10 00:00:00','Male','10/1064, steet 3, delhi sharanpur road, Baraut','Baghpat','Uttar Pradesh',1645357,null,'New Delhi','Delhi',109876,'CBSE',2006,87.40,'CBSE',2008,87.75,2014,42.07,'Delhi College of Engineering','New Delhi','Delhi','B.Tech/B.E.','Computer Engineering','2K10/CO/1494','Full Time',0,'Autonomous Institute',null,904.25,164.45,1.16,0.41,0.24,446.00,27.63,0.78,0.20,-0.02,720.00,126.92,0.78,0.85,0.53,'Mr',null,'Laxmi Narayan','Consulting','1.0','-1.5','3.5','12.1','ERS','1.0','2.0','NA',null,null,null,null,2,null,null,null,null,null,'Y','','');
insert into care_deloitte.candidate_details(candidate_id,amcatID,firstName,lastName,middleName,emailID,alternateEmailID,mobileNumber,landLine,fatherMobileNo,dob,gender,pAddress,pCity,pState,pZipCode,cAddress,cCity,cState,cZipCode,boardName10,passingYear10,percentage10,boardName12,passingYea12,percentage12,completionYear,collegePecentage,collegName,collegeCity,collegeState,degreeName,subjectName,gradUniversityRollNo,eduMode,backPaper,affiliatedTo,testAttemptTime,englishScore,englishPercentile,vocabulary,grammar,comprehension,quantitativeAbilityScore,quantitativeAbilityPercentage,basicMathematics,engineeringMathematics,appliedMathematics,logicalAbilityScore,logicalAbilityPercentage,inductiveReasoning,deductiveReasoning,abductiveReasoning,parentTitle,parentName,pref1Function,prefOfGurgaon1,prefOfHyderabad1,prefOfMumbai1,prefOfBengaluru,pref2Function,prefOfGurgaon2,prefOfMumbai2,prefOfHyderabad2,prefOfBengaluru2,function,panelists,interviewers,observers,campus_id,inactive,createdBy,createdDt,updatedBy,updatedDt,groupDiscussionResult,interviewResult,consensusResult) values (65,11200075363590,'FirstName58','LastName58','Prasad','test@test.com50','test@test.com50',9999069996,null,8371298850,'0044-04-15 00:00:00','Male','E-4/21 , sector-7, Rohini, Delhi','New Delhi','Delhi',1672271,null,'New Delhi','Delhi',109873,'CBSE',2006,87.38,'CBSE',2008,87.81,2014,42.07,'Delhi College of Engineering','New Delhi','Delhi','B.Tech/B.E.','Computer Engineering','2k10/SE/184','Full Time',0,'University of Delhi',null,911.31,166.25,1.17,0.41,0.23,443.87,26.72,0.79,0.20,-0.03,722.56,127.68,0.78,0.85,0.53,'Mr',null,'BAIJNATH PRASAD','ERS','1.0','-1.6','NA','NA','Consulting','1.0','4.0','3.0',null,null,null,null,2,null,null,null,null,null,'','','');
insert into care_deloitte.candidate_details(candidate_id,amcatID,firstName,lastName,middleName,emailID,alternateEmailID,mobileNumber,landLine,fatherMobileNo,dob,gender,pAddress,pCity,pState,pZipCode,cAddress,cCity,cState,cZipCode,boardName10,passingYear10,percentage10,boardName12,passingYea12,percentage12,completionYear,collegePecentage,collegName,collegeCity,collegeState,degreeName,subjectName,gradUniversityRollNo,eduMode,backPaper,affiliatedTo,testAttemptTime,englishScore,englishPercentile,vocabulary,grammar,comprehension,quantitativeAbilityScore,quantitativeAbilityPercentage,basicMathematics,engineeringMathematics,appliedMathematics,logicalAbilityScore,logicalAbilityPercentage,inductiveReasoning,deductiveReasoning,abductiveReasoning,parentTitle,parentName,pref1Function,prefOfGurgaon1,prefOfHyderabad1,prefOfMumbai1,prefOfBengaluru,pref2Function,prefOfGurgaon2,prefOfMumbai2,prefOfHyderabad2,prefOfBengaluru2,function,panelists,interviewers,observers,campus_id,inactive,createdBy,createdDt,updatedBy,updatedDt,groupDiscussionResult,interviewResult,consensusResult) values (66,11200075435245,'FirstName59','LastName59',null,'test@test.com51','test@test.com51',9999069997,2726135008043,8346712080,'0045-04-21 00:00:00','Male','56-L C.B.I Colony Vasant Vihar','New Delhi','Delhi',1699185,null,'New Delhi','Delhi',109869,'CBSE',2006,87.35,'CBSE',2008,87.86,2014,42.07,'Delhi College of Engineering','New Delhi','Delhi','B.Tech/B.E.','SOFTWARE ENGINEERING','2k10/SE/191','Full Time',0,'University of Delhi',null,918.37,168.04,1.18,0.40,0.23,441.74,25.81,0.79,0.19,-0.04,725.12,128.44,0.78,0.86,0.53,'Mr',null,'Digvijay Srivastava','Consulting','1.0','-1.7','3.5','12.4','OIM','1.0','NA','NA',null,null,null,null,2,null,null,null,null,null,'','','');
insert into care_deloitte.candidate_details(candidate_id,amcatID,firstName,lastName,middleName,emailID,alternateEmailID,mobileNumber,landLine,fatherMobileNo,dob,gender,pAddress,pCity,pState,pZipCode,cAddress,cCity,cState,cZipCode,boardName10,passingYear10,percentage10,boardName12,passingYea12,percentage12,completionYear,collegePecentage,collegName,collegeCity,collegeState,degreeName,subjectName,gradUniversityRollNo,eduMode,backPaper,affiliatedTo,testAttemptTime,englishScore,englishPercentile,vocabulary,grammar,comprehension,quantitativeAbilityScore,quantitativeAbilityPercentage,basicMathematics,engineeringMathematics,appliedMathematics,logicalAbilityScore,logicalAbilityPercentage,inductiveReasoning,deductiveReasoning,abductiveReasoning,parentTitle,parentName,pref1Function,prefOfGurgaon1,prefOfHyderabad1,prefOfMumbai1,prefOfBengaluru,pref2Function,prefOfGurgaon2,prefOfMumbai2,prefOfHyderabad2,prefOfBengaluru2,function,panelists,interviewers,observers,campus_id,inactive,createdBy,createdDt,updatedBy,updatedDt,groupDiscussionResult,interviewResult,consensusResult) values (67,11200075506901,'FirstName60','LastName60',null,'test@test.com52','test@test.com52',9999069998,2825329275471,8322125309,'0046-04-27 00:00:00','Male','b-521 g d colony , mayur vihar phase-13','New Delhi','Delhi',1726099,null,'New Delhi','Delhi',109865,'CBSE',2006,87.33,'CBSE',2008,87.92,2014,42.07,'Delhi College of Engineering','New Delhi','Delhi','B.Tech/B.E.','Information Technology','2K10/IT/059','Full Time',0,'University of Delhi',null,925.43,169.84,1.19,0.40,0.22,439.61,24.90,0.79,0.18,-0.06,727.68,129.20,0.79,0.86,0.53,'Mr',null,'Suresh Kumar','Consulting','1.0','-1.8','3.5','12.7','ERS','1.0','2.0','NA',null,null,null,null,2,null,null,null,null,null,'','','');
insert into care_deloitte.candidate_details(candidate_id,amcatID,firstName,lastName,middleName,emailID,alternateEmailID,mobileNumber,landLine,fatherMobileNo,dob,gender,pAddress,pCity,pState,pZipCode,cAddress,cCity,cState,cZipCode,boardName10,passingYear10,percentage10,boardName12,passingYea12,percentage12,completionYear,collegePecentage,collegName,collegeCity,collegeState,degreeName,subjectName,gradUniversityRollNo,eduMode,backPaper,affiliatedTo,testAttemptTime,englishScore,englishPercentile,vocabulary,grammar,comprehension,quantitativeAbilityScore,quantitativeAbilityPercentage,basicMathematics,engineeringMathematics,appliedMathematics,logicalAbilityScore,logicalAbilityPercentage,inductiveReasoning,deductiveReasoning,abductiveReasoning,parentTitle,parentName,pref1Function,prefOfGurgaon1,prefOfHyderabad1,prefOfMumbai1,prefOfBengaluru,pref2Function,prefOfGurgaon2,prefOfMumbai2,prefOfHyderabad2,prefOfBengaluru2,function,panelists,interviewers,observers,campus_id,inactive,createdBy,createdDt,updatedBy,updatedDt,groupDiscussionResult,interviewResult,consensusResult) values (152,11200081597593,'FirstName145','LastName145',null,'test@test.com137','test@test.com137',9999070083,9570539460614,6232249808,'0032-08-29 00:00:00','Male','b-521 g d colony , mayur vihar phase-30','New Delhi','Delhi',4013785,null,'New Delhi','Delhi',109555,'CBSE',2005,85.30,'CBSE',2007,92.78,2014,42.07,'Delhi College of Engineering','New Delhi','Delhi','B.Tech/B.E.','Information Technology','2K10/IT/076','Full Time',0,'University of Delhi',null,1525.49,322.43,2.22,0.20,-0.23,258.48,-52.31,1.11,-0.46,-0.99,945.24,193.66,1.07,1.18,0.58,'Mr',null,'Suresh Kumar','Consulting','1.0','-10.3','3.50000000000001','33.1','ERS','1.0','2.0','NA',null,null,null,null,2,null,null,null,null,null,'','','');
insert into care_deloitte.candidate_details(candidate_id,amcatID,firstName,lastName,middleName,emailID,alternateEmailID,mobileNumber,landLine,fatherMobileNo,dob,gender,pAddress,pCity,pState,pZipCode,cAddress,cCity,cState,cZipCode,boardName10,passingYear10,percentage10,boardName12,passingYea12,percentage12,completionYear,collegePecentage,collegName,collegeCity,collegeState,degreeName,subjectName,gradUniversityRollNo,eduMode,backPaper,affiliatedTo,testAttemptTime,englishScore,englishPercentile,vocabulary,grammar,comprehension,quantitativeAbilityScore,quantitativeAbilityPercentage,basicMathematics,engineeringMathematics,appliedMathematics,logicalAbilityScore,logicalAbilityPercentage,inductiveReasoning,deductiveReasoning,abductiveReasoning,parentTitle,parentName,pref1Function,prefOfGurgaon1,prefOfHyderabad1,prefOfMumbai1,prefOfBengaluru,pref2Function,prefOfGurgaon2,prefOfMumbai2,prefOfHyderabad2,prefOfBengaluru2,function,panelists,interviewers,observers,campus_id,inactive,createdBy,createdDt,updatedBy,updatedDt,groupDiscussionResult,interviewResult,consensusResult) values (153,11200081669248,'FirstName146','LastName146',null,'test@test.com138','test@test.com138',9999070084,9669733728043,6207663038,'0033-09-04 00:00:00','Male','C/O P.K. DEY BUILDING,REHABARI SARABHATTI','Guwahati','Assam',4040699,null,'New Delhi','Delhi',109551,'State Board',2005,85.28,'CBSE',2007,92.84,2014,42.07,'Delhi College of Engineering','New Delhi','Delhi','B.Tech/B.E.','Computer Engineering','2K10/CO/5239','Full Time',0,'University of Delhi',null,1532.55,324.23,2.24,0.20,-0.24,256.35,-53.22,1.11,-0.46,-1.00,947.80,194.42,1.07,1.19,0.58,'Mr',null,'RAM NATH','Consulting','1.0','-10.4','3.50000000000001','33.4','ERS','1.0','2.0','NA',null,null,null,null,2,null,null,null,null,null,'','','');
insert into care_deloitte.candidate_details(candidate_id,amcatID,firstName,lastName,middleName,emailID,alternateEmailID,mobileNumber,landLine,fatherMobileNo,dob,gender,pAddress,pCity,pState,pZipCode,cAddress,cCity,cState,cZipCode,boardName10,passingYear10,percentage10,boardName12,passingYea12,percentage12,completionYear,collegePecentage,collegName,collegeCity,collegeState,degreeName,subjectName,gradUniversityRollNo,eduMode,backPaper,affiliatedTo,testAttemptTime,englishScore,englishPercentile,vocabulary,grammar,comprehension,quantitativeAbilityScore,quantitativeAbilityPercentage,basicMathematics,engineeringMathematics,appliedMathematics,logicalAbilityScore,logicalAbilityPercentage,inductiveReasoning,deductiveReasoning,abductiveReasoning,parentTitle,parentName,pref1Function,prefOfGurgaon1,prefOfHyderabad1,prefOfMumbai1,prefOfBengaluru,pref2Function,prefOfGurgaon2,prefOfMumbai2,prefOfHyderabad2,prefOfBengaluru2,function,panelists,interviewers,observers,campus_id,inactive,createdBy,createdDt,updatedBy,updatedDt,groupDiscussionResult,interviewResult,consensusResult) values (154,11200081740903,'FirstName147','LastName147',null,'test@test.com139','test@test.com139',9999070085,9768927995471,6183076267,'0034-09-10 00:00:00','Male','10/1064, steet 3, delhi sharanpur road, Baraut','Baghpat','Uttar Pradesh',4067613,null,'New Delhi','Delhi',109547,'CBSE',2005,85.26,'CBSE',2007,92.89,2014,42.07,'Delhi College of Engineering','New Delhi','Delhi','B.Tech/B.E.','Computer Engineering','2K10/CO/5346','Full Time',0,'Autonomous Institute',null,1539.61,326.02,2.25,0.19,-0.24,254.21,-54.12,1.11,-0.47,-1.01,950.36,195.17,1.08,1.19,0.58,'Mr',null,'Laxmi Narayan','Consulting','1.0','-10.5','3.50000000000001','33.7','ERS','1.0','2.0','NA',null,null,null,null,2,null,null,null,null,null,'','','');
insert into care_deloitte.candidate_details(candidate_id,amcatID,firstName,lastName,middleName,emailID,alternateEmailID,mobileNumber,landLine,fatherMobileNo,dob,gender,pAddress,pCity,pState,pZipCode,cAddress,cCity,cState,cZipCode,boardName10,passingYear10,percentage10,boardName12,passingYea12,percentage12,completionYear,collegePecentage,collegName,collegeCity,collegeState,degreeName,subjectName,gradUniversityRollNo,eduMode,backPaper,affiliatedTo,testAttemptTime,englishScore,englishPercentile,vocabulary,grammar,comprehension,quantitativeAbilityScore,quantitativeAbilityPercentage,basicMathematics,engineeringMathematics,appliedMathematics,logicalAbilityScore,logicalAbilityPercentage,inductiveReasoning,deductiveReasoning,abductiveReasoning,parentTitle,parentName,pref1Function,prefOfGurgaon1,prefOfHyderabad1,prefOfMumbai1,prefOfBengaluru,pref2Function,prefOfGurgaon2,prefOfMumbai2,prefOfHyderabad2,prefOfBengaluru2,function,panelists,interviewers,observers,campus_id,inactive,createdBy,createdDt,updatedBy,updatedDt,groupDiscussionResult,interviewResult,consensusResult) values (155,11200081812558,'FirstName148','LastName148','Prasad','test@test.com140','test@test.com140',9999070086,null,6158489497,'0035-09-16 00:00:00','Male','E-4/21 , sector-7, Rohini, Delhi','New Delhi','Delhi',4094527,null,'New Delhi','Delhi',109544,'CBSE',2005,85.23,'CBSE',2007,92.95,2014,42.07,'Delhi College of Engineering','New Delhi','Delhi','B.Tech/B.E.','Computer Engineering','2k10/SE/436','Full Time',0,'University of Delhi',null,1546.67,327.82,2.26,0.19,-0.25,252.08,-55.03,1.12,-0.48,-1.02,952.92,195.93,1.08,1.20,0.58,'Mr',null,'BAIJNATH PRASAD','ERS','1.0','-10.6','NA','NA','Consulting','1.0','4.0','3.0',null,null,null,null,2,null,null,null,null,null,'','','');
insert into care_deloitte.candidate_details(candidate_id,amcatID,firstName,lastName,middleName,emailID,alternateEmailID,mobileNumber,landLine,fatherMobileNo,dob,gender,pAddress,pCity,pState,pZipCode,cAddress,cCity,cState,cZipCode,boardName10,passingYear10,percentage10,boardName12,passingYea12,percentage12,completionYear,collegePecentage,collegName,collegeCity,collegeState,degreeName,subjectName,gradUniversityRollNo,eduMode,backPaper,affiliatedTo,testAttemptTime,englishScore,englishPercentile,vocabulary,grammar,comprehension,quantitativeAbilityScore,quantitativeAbilityPercentage,basicMathematics,engineeringMathematics,appliedMathematics,logicalAbilityScore,logicalAbilityPercentage,inductiveReasoning,deductiveReasoning,abductiveReasoning,parentTitle,parentName,pref1Function,prefOfGurgaon1,prefOfHyderabad1,prefOfMumbai1,prefOfBengaluru,pref2Function,prefOfGurgaon2,prefOfMumbai2,prefOfHyderabad2,prefOfBengaluru2,function,panelists,interviewers,observers,campus_id,inactive,createdBy,createdDt,updatedBy,updatedDt,groupDiscussionResult,interviewResult,consensusResult) values (156,11200081884213,'FirstName149','LastName149',null,'test@test.com141','test@test.com141',9999070087,9868122262900,6133902726,'0036-09-21 00:00:00','Male','56-L C.B.I Colony Vasant Vihar','New Delhi','Delhi',4121441,null,'New Delhi','Delhi',109540,'CBSE',2005,85.21,'CBSE',2007,93.01,2014,42.07,'Delhi College of Engineering','New Delhi','Delhi','B.Tech/B.E.','SOFTWARE ENGINEERING','2k10/SE/443','Full Time',0,'University of Delhi',null,1553.73,329.61,2.27,0.19,-0.25,249.95,-55.94,1.12,-0.49,-1.03,955.48,196.69,1.08,1.20,0.58,'Mr',null,'Digvijay Srivastava','Consulting','1.0','-10.7','3.50000000000001','34.0','OIM','1.0','NA','NA',null,null,null,null,2,null,null,null,null,null,'','','');
insert into care_deloitte.candidate_details(candidate_id,amcatID,firstName,lastName,middleName,emailID,alternateEmailID,mobileNumber,landLine,fatherMobileNo,dob,gender,pAddress,pCity,pState,pZipCode,cAddress,cCity,cState,cZipCode,boardName10,passingYear10,percentage10,boardName12,passingYea12,percentage12,completionYear,collegePecentage,collegName,collegeCity,collegeState,degreeName,subjectName,gradUniversityRollNo,eduMode,backPaper,affiliatedTo,testAttemptTime,englishScore,englishPercentile,vocabulary,grammar,comprehension,quantitativeAbilityScore,quantitativeAbilityPercentage,basicMathematics,engineeringMathematics,appliedMathematics,logicalAbilityScore,logicalAbilityPercentage,inductiveReasoning,deductiveReasoning,abductiveReasoning,parentTitle,parentName,pref1Function,prefOfGurgaon1,prefOfHyderabad1,prefOfMumbai1,prefOfBengaluru,pref2Function,prefOfGurgaon2,prefOfMumbai2,prefOfHyderabad2,prefOfBengaluru2,function,panelists,interviewers,observers,campus_id,inactive,createdBy,createdDt,updatedBy,updatedDt,groupDiscussionResult,interviewResult,consensusResult) values (157,11200081955869,'FirstName150','LastName150',null,'test@test.com142','test@test.com142',9999070088,9967316530328,6109315955,'0037-09-27 00:00:00','Male','b-521 g d colony , mayur vihar phase-31','New Delhi','Delhi',4148355,null,'New Delhi','Delhi',109536,'CBSE',2005,85.19,'CBSE',2007,93.06,2014,42.07,'Delhi College of Engineering','New Delhi','Delhi','B.Tech/B.E.','Information Technology','2K10/IT/077','Full Time',0,'University of Delhi',null,1560.79,331.41,2.28,0.19,-0.26,247.82,-56.85,1.13,-0.49,-1.04,958.04,197.45,1.09,1.20,0.58,'Mr',null,'Suresh Kumar','Consulting','1.0','-10.8','3.50000000000001','34.3','ERS','1.0','2.0','NA',null,null,null,null,2,null,null,null,null,null,'','','');
insert into care_deloitte.candidate_details(candidate_id,amcatID,firstName,lastName,middleName,emailID,alternateEmailID,mobileNumber,landLine,fatherMobileNo,dob,gender,pAddress,pCity,pState,pZipCode,cAddress,cCity,cState,cZipCode,boardName10,passingYear10,percentage10,boardName12,passingYea12,percentage12,completionYear,collegePecentage,collegName,collegeCity,collegeState,degreeName,subjectName,gradUniversityRollNo,eduMode,backPaper,affiliatedTo,testAttemptTime,englishScore,englishPercentile,vocabulary,grammar,comprehension,quantitativeAbilityScore,quantitativeAbilityPercentage,basicMathematics,engineeringMathematics,appliedMathematics,logicalAbilityScore,logicalAbilityPercentage,inductiveReasoning,deductiveReasoning,abductiveReasoning,parentTitle,parentName,pref1Function,prefOfGurgaon1,prefOfHyderabad1,prefOfMumbai1,prefOfBengaluru,pref2Function,prefOfGurgaon2,prefOfMumbai2,prefOfHyderabad2,prefOfBengaluru2,function,panelists,interviewers,observers,campus_id,inactive,createdBy,createdDt,updatedBy,updatedDt,groupDiscussionResult,interviewResult,consensusResult) values (158,11200082027524,'FirstName151','LastName151',null,'test@test.com143','test@test.com143',9999070089,10066510797757,6084729185,'0038-10-03 00:00:00','Male','C/O P.K. DEY BUILDING,REHABARI SARABHATTI','Guwahati','Assam',4175269,null,'New Delhi','Delhi',109533,'State Board',2005,85.16,'CBSE',2007,93.12,2014,42.07,'Delhi College of Engineering','New Delhi','Delhi','B.Tech/B.E.','Computer Engineering','2K10/CO/5453','Full Time',0,'University of Delhi',null,1567.85,333.20,2.30,0.18,-0.26,245.69,-57.76,1.13,-0.50,-1.05,960.60,198.21,1.09,1.21,0.58,'Mr',null,'RAM NATH','Consulting','1.0','-10.9','3.50000000000001','34.6','ERS','1.0','2.0','NA',null,null,null,null,3,null,null,null,null,null,'','','');
insert into care_deloitte.candidate_details(candidate_id,amcatID,firstName,lastName,middleName,emailID,alternateEmailID,mobileNumber,landLine,fatherMobileNo,dob,gender,pAddress,pCity,pState,pZipCode,cAddress,cCity,cState,cZipCode,boardName10,passingYear10,percentage10,boardName12,passingYea12,percentage12,completionYear,collegePecentage,collegName,collegeCity,collegeState,degreeName,subjectName,gradUniversityRollNo,eduMode,backPaper,affiliatedTo,testAttemptTime,englishScore,englishPercentile,vocabulary,grammar,comprehension,quantitativeAbilityScore,quantitativeAbilityPercentage,basicMathematics,engineeringMathematics,appliedMathematics,logicalAbilityScore,logicalAbilityPercentage,inductiveReasoning,deductiveReasoning,abductiveReasoning,parentTitle,parentName,pref1Function,prefOfGurgaon1,prefOfHyderabad1,prefOfMumbai1,prefOfBengaluru,pref2Function,prefOfGurgaon2,prefOfMumbai2,prefOfHyderabad2,prefOfBengaluru2,function,panelists,interviewers,observers,campus_id,inactive,createdBy,createdDt,updatedBy,updatedDt,groupDiscussionResult,interviewResult,consensusResult) values (159,11200082099179,'FirstName152','LastName152',null,'test@test.com144','test@test.com144',9999070090,10165705065185,6060142414,'0039-10-09 00:00:00','Male','10/1064, steet 3, delhi sharanpur road, Baraut','Baghpat','Uttar Pradesh',4202183,null,'New Delhi','Delhi',109529,'CBSE',2005,85.14,'CBSE',2007,93.18,2014,42.07,'Delhi College of Engineering','New Delhi','Delhi','B.Tech/B.E.','Computer Engineering','2K10/CO/5560','Full Time',0,'Autonomous Institute',null,1574.90,335.00,2.31,0.18,-0.27,243.56,-58.67,1.13,-0.51,-1.06,963.15,198.97,1.09,1.21,0.59,'Mr',null,'Laxmi Narayan','Consulting','1.0','-11.0','3.50000000000001','34.9','ERS','1.0','2.0','NA',null,null,null,null,3,null,null,null,null,null,'','','');
insert into care_deloitte.candidate_details(candidate_id,amcatID,firstName,lastName,middleName,emailID,alternateEmailID,mobileNumber,landLine,fatherMobileNo,dob,gender,pAddress,pCity,pState,pZipCode,cAddress,cCity,cState,cZipCode,boardName10,passingYear10,percentage10,boardName12,passingYea12,percentage12,completionYear,collegePecentage,collegName,collegeCity,collegeState,degreeName,subjectName,gradUniversityRollNo,eduMode,backPaper,affiliatedTo,testAttemptTime,englishScore,englishPercentile,vocabulary,grammar,comprehension,quantitativeAbilityScore,quantitativeAbilityPercentage,basicMathematics,engineeringMathematics,appliedMathematics,logicalAbilityScore,logicalAbilityPercentage,inductiveReasoning,deductiveReasoning,abductiveReasoning,parentTitle,parentName,pref1Function,prefOfGurgaon1,prefOfHyderabad1,prefOfMumbai1,prefOfBengaluru,pref2Function,prefOfGurgaon2,prefOfMumbai2,prefOfHyderabad2,prefOfBengaluru2,function,panelists,interviewers,observers,campus_id,inactive,createdBy,createdDt,updatedBy,updatedDt,groupDiscussionResult,interviewResult,consensusResult) values (160,11200082170834,'FirstName153','LastName153','Prasad','test@test.com145','test@test.com145',9999070091,null,6035555644,'0040-10-14 00:00:00','Male','E-4/21 , sector-7, Rohini, Delhi','New Delhi','Delhi',4229097,null,'New Delhi','Delhi',109525,'CBSE',2005,85.11,'CBSE',2007,93.24,2014,42.07,'Delhi College of Engineering','New Delhi','Delhi','B.Tech/B.E.','Computer Engineering','2k10/SE/450','Full Time',0,'University of Delhi',null,1581.96,336.79,2.32,0.18,-0.27,241.43,-59.57,1.14,-0.52,-1.07,965.71,199.72,1.10,1.21,0.59,'Mr',null,'BAIJNATH PRASAD','ERS','1.0','-11.1','NA','NA','Consulting','1.0','4.0','3.0',null,null,null,null,3,null,null,null,null,null,'','','');
insert into care_deloitte.candidate_details(candidate_id,amcatID,firstName,lastName,middleName,emailID,alternateEmailID,mobileNumber,landLine,fatherMobileNo,dob,gender,pAddress,pCity,pState,pZipCode,cAddress,cCity,cState,cZipCode,boardName10,passingYear10,percentage10,boardName12,passingYea12,percentage12,completionYear,collegePecentage,collegName,collegeCity,collegeState,degreeName,subjectName,gradUniversityRollNo,eduMode,backPaper,affiliatedTo,testAttemptTime,englishScore,englishPercentile,vocabulary,grammar,comprehension,quantitativeAbilityScore,quantitativeAbilityPercentage,basicMathematics,engineeringMathematics,appliedMathematics,logicalAbilityScore,logicalAbilityPercentage,inductiveReasoning,deductiveReasoning,abductiveReasoning,parentTitle,parentName,pref1Function,prefOfGurgaon1,prefOfHyderabad1,prefOfMumbai1,prefOfBengaluru,pref2Function,prefOfGurgaon2,prefOfMumbai2,prefOfHyderabad2,prefOfBengaluru2,function,panelists,interviewers,observers,campus_id,inactive,createdBy,createdDt,updatedBy,updatedDt,groupDiscussionResult,interviewResult,consensusResult) values (202,11200085180353,'FirstName195','LastName195',null,'test@test.com187','test@test.com187',9999070133,13538310157757,5002911279,'0083-06-13 00:00:00','Male','b-521 g d colony , mayur vihar phase-40','New Delhi','Delhi',5359483,null,'New Delhi','Delhi',109372,'CBSE',2005,84.11,'CBSE',2007,95.64,2014,42.07,'Delhi College of Engineering','New Delhi','Delhi','B.Tech/B.E.','Information Technology','2K10/IT/086','Full Time',0,'University of Delhi',null,1878.46,412.19,2.83,0.08,-0.50,151.93,-97.72,1.29,-0.83,-1.53,1073.21,231.57,1.24,1.37,0.61,'Mr',null,'Suresh Kumar','Consulting','1.0','-15.3','3.50000000000001','45.1','ERS','1.0','2.0','NA',null,null,null,null,3,null,null,null,null,null,'','','');
insert into care_deloitte.candidate_details(candidate_id,amcatID,firstName,lastName,middleName,emailID,alternateEmailID,mobileNumber,landLine,fatherMobileNo,dob,gender,pAddress,pCity,pState,pZipCode,cAddress,cCity,cState,cZipCode,boardName10,passingYear10,percentage10,boardName12,passingYea12,percentage12,completionYear,collegePecentage,collegName,collegeCity,collegeState,degreeName,subjectName,gradUniversityRollNo,eduMode,backPaper,affiliatedTo,testAttemptTime,englishScore,englishPercentile,vocabulary,grammar,comprehension,quantitativeAbilityScore,quantitativeAbilityPercentage,basicMathematics,engineeringMathematics,appliedMathematics,logicalAbilityScore,logicalAbilityPercentage,inductiveReasoning,deductiveReasoning,abductiveReasoning,parentTitle,parentName,pref1Function,prefOfGurgaon1,prefOfHyderabad1,prefOfMumbai1,prefOfBengaluru,pref2Function,prefOfGurgaon2,prefOfMumbai2,prefOfHyderabad2,prefOfBengaluru2,function,panelists,interviewers,observers,campus_id,inactive,createdBy,createdDt,updatedBy,updatedDt,groupDiscussionResult,interviewResult,consensusResult) values (203,11200085252008,'FirstName196','LastName196',null,'test@test.com188','test@test.com188',9999070134,13637504425185,4978324508,'0084-06-18 00:00:00','Male','C/O P.K. DEY BUILDING,REHABARI SARABHATTI','Guwahati','Assam',5386397,null,'New Delhi','Delhi',109368,'State Board',2005,84.09,'CBSE',2007,95.69,2014,42.07,'Delhi College of Engineering','New Delhi','Delhi','B.Tech/B.E.','Computer Engineering','2K10/CO/7379','Full Time',0,'University of Delhi',null,1885.52,413.99,2.84,0.08,-0.50,149.80,-98.63,1.30,-0.84,-1.54,1075.77,232.33,1.24,1.38,0.61,'Mr',null,'RAM NATH','Consulting','1.0','-15.4','3.50000000000001','45.4','ERS','1.0','2.0','NA',null,null,null,null,3,null,null,null,null,null,'','','');
insert into care_deloitte.candidate_details(candidate_id,amcatID,firstName,lastName,middleName,emailID,alternateEmailID,mobileNumber,landLine,fatherMobileNo,dob,gender,pAddress,pCity,pState,pZipCode,cAddress,cCity,cState,cZipCode,boardName10,passingYear10,percentage10,boardName12,passingYea12,percentage12,completionYear,collegePecentage,collegName,collegeCity,collegeState,degreeName,subjectName,gradUniversityRollNo,eduMode,backPaper,affiliatedTo,testAttemptTime,englishScore,englishPercentile,vocabulary,grammar,comprehension,quantitativeAbilityScore,quantitativeAbilityPercentage,basicMathematics,engineeringMathematics,appliedMathematics,logicalAbilityScore,logicalAbilityPercentage,inductiveReasoning,deductiveReasoning,abductiveReasoning,parentTitle,parentName,pref1Function,prefOfGurgaon1,prefOfHyderabad1,prefOfMumbai1,prefOfBengaluru,pref2Function,prefOfGurgaon2,prefOfMumbai2,prefOfHyderabad2,prefOfBengaluru2,function,panelists,interviewers,observers,campus_id,inactive,createdBy,createdDt,updatedBy,updatedDt,groupDiscussionResult,interviewResult,consensusResult) values (204,11200085323663,'FirstName197','LastName197',null,'test@test.com189','test@test.com189',9999070135,13736698692614,4953737737,'0085-06-24 00:00:00','Male','10/1064, steet 3, delhi sharanpur road, Baraut','Baghpat','Uttar Pradesh',5413311,null,'New Delhi','Delhi',109365,'CBSE',2005,84.07,'CBSE',2007,95.75,2014,42.07,'Delhi College of Engineering','New Delhi','Delhi','B.Tech/B.E.','Computer Engineering','2K10/CO/7486','Full Time',0,'Autonomous Institute',null,1892.58,415.78,2.86,0.07,-0.51,147.67,-99.54,1.30,-0.84,-1.56,1078.33,233.09,1.24,1.38,0.61,'Mr',null,'Laxmi Narayan','Consulting','1.0','-15.5','3.50000000000001','45.7','ERS','1.0','2.0','NA',null,null,null,null,4,null,null,null,null,null,'','','');
insert into care_deloitte.candidate_details(candidate_id,amcatID,firstName,lastName,middleName,emailID,alternateEmailID,mobileNumber,landLine,fatherMobileNo,dob,gender,pAddress,pCity,pState,pZipCode,cAddress,cCity,cState,cZipCode,boardName10,passingYear10,percentage10,boardName12,passingYea12,percentage12,completionYear,collegePecentage,collegName,collegeCity,collegeState,degreeName,subjectName,gradUniversityRollNo,eduMode,backPaper,affiliatedTo,testAttemptTime,englishScore,englishPercentile,vocabulary,grammar,comprehension,quantitativeAbilityScore,quantitativeAbilityPercentage,basicMathematics,engineeringMathematics,appliedMathematics,logicalAbilityScore,logicalAbilityPercentage,inductiveReasoning,deductiveReasoning,abductiveReasoning,parentTitle,parentName,pref1Function,prefOfGurgaon1,prefOfHyderabad1,prefOfMumbai1,prefOfBengaluru,pref2Function,prefOfGurgaon2,prefOfMumbai2,prefOfHyderabad2,prefOfBengaluru2,function,panelists,interviewers,observers,campus_id,inactive,createdBy,createdDt,updatedBy,updatedDt,groupDiscussionResult,interviewResult,consensusResult) values (205,11200085395318,'FirstName198','LastName198','Prasad','test@test.com190','test@test.com190',9999070136,null,4929150967,'0086-06-30 00:00:00','Male','E-4/21 , sector-7, Rohini, Delhi','New Delhi','Delhi',5440225,null,'New Delhi','Delhi',109361,'CBSE',2005,84.04,'CBSE',2007,95.81,2014,42.07,'Delhi College of Engineering','New Delhi','Delhi','B.Tech/B.E.','Computer Engineering','2k10/SE/576','Full Time',0,'University of Delhi',null,1899.64,417.58,2.87,0.07,-0.52,145.54,-100.45,1.30,-0.85,-1.57,1080.89,233.85,1.25,1.39,0.61,'Mr',null,'BAIJNATH PRASAD','ERS','1.0','-15.6','NA','NA','Consulting','1.0','4.0','3.0',null,null,null,null,5,null,null,null,null,null,'','','');
insert into care_deloitte.candidate_details(candidate_id,amcatID,firstName,lastName,middleName,emailID,alternateEmailID,mobileNumber,landLine,fatherMobileNo,dob,gender,pAddress,pCity,pState,pZipCode,cAddress,cCity,cState,cZipCode,boardName10,passingYear10,percentage10,boardName12,passingYea12,percentage12,completionYear,collegePecentage,collegName,collegeCity,collegeState,degreeName,subjectName,gradUniversityRollNo,eduMode,backPaper,affiliatedTo,testAttemptTime,englishScore,englishPercentile,vocabulary,grammar,comprehension,quantitativeAbilityScore,quantitativeAbilityPercentage,basicMathematics,engineeringMathematics,appliedMathematics,logicalAbilityScore,logicalAbilityPercentage,inductiveReasoning,deductiveReasoning,abductiveReasoning,parentTitle,parentName,pref1Function,prefOfGurgaon1,prefOfHyderabad1,prefOfMumbai1,prefOfBengaluru,pref2Function,prefOfGurgaon2,prefOfMumbai2,prefOfHyderabad2,prefOfBengaluru2,function,panelists,interviewers,observers,campus_id,inactive,createdBy,createdDt,updatedBy,updatedDt,groupDiscussionResult,interviewResult,consensusResult) values (206,11200085466973,'FirstName199','LastName199',null,'test@test.com191','test@test.com191',9999070137,13835892960043,4904564196,'0087-07-06 00:00:00','Male','56-L C.B.I Colony Vasant Vihar','New Delhi','Delhi',5467138,null,'New Delhi','Delhi',109357,'CBSE',2005,84.02,'CBSE',2007,95.86,2014,42.07,'Delhi College of Engineering','New Delhi','Delhi','B.Tech/B.E.','SOFTWARE ENGINEERING','2k10/SE/583','Full Time',0,'University of Delhi',null,1906.70,419.37,2.88,0.07,-0.52,143.40,-101.36,1.31,-0.86,-1.58,1083.45,234.61,1.25,1.39,0.61,'Mr',null,'Digvijay Srivastava','Consulting','1.0','-15.7','3.50000000000001','46.0','OIM','1.0','NA','NA',null,null,null,null,1,null,null,null,null,null,'','','');
insert into care_deloitte.candidate_details(candidate_id,amcatID,firstName,lastName,middleName,emailID,alternateEmailID,mobileNumber,landLine,fatherMobileNo,dob,gender,pAddress,pCity,pState,pZipCode,cAddress,cCity,cState,cZipCode,boardName10,passingYear10,percentage10,boardName12,passingYea12,percentage12,completionYear,collegePecentage,collegName,collegeCity,collegeState,degreeName,subjectName,gradUniversityRollNo,eduMode,backPaper,affiliatedTo,testAttemptTime,englishScore,englishPercentile,vocabulary,grammar,comprehension,quantitativeAbilityScore,quantitativeAbilityPercentage,basicMathematics,engineeringMathematics,appliedMathematics,logicalAbilityScore,logicalAbilityPercentage,inductiveReasoning,deductiveReasoning,abductiveReasoning,parentTitle,parentName,pref1Function,prefOfGurgaon1,prefOfHyderabad1,prefOfMumbai1,prefOfBengaluru,pref2Function,prefOfGurgaon2,prefOfMumbai2,prefOfHyderabad2,prefOfBengaluru2,function,panelists,interviewers,observers,campus_id,inactive,createdBy,createdDt,updatedBy,updatedDt,groupDiscussionResult,interviewResult,consensusResult) values (207,11200085538629,'FirstName200','LastName200',null,'test@test.com192','test@test.com192',9999070138,13935087227471,4879977426,'0088-07-11 00:00:00','Male','b-521 g d colony , mayur vihar phase-41','New Delhi','Delhi',5494052,null,'New Delhi','Delhi',109354,'CBSE',2005,84.00,'CBSE',2007,95.92,2014,42.07,'Delhi College of Engineering','New Delhi','Delhi','B.Tech/B.E.','Information Technology','2K10/IT/087','Full Time',0,'University of Delhi',null,1913.76,421.17,2.89,0.07,-0.53,141.27,-102.27,1.31,-0.87,-1.59,1086.01,235.37,1.25,1.39,0.61,'Mr',null,'Suresh Kumar','Consulting','1.0','-15.8','3.50000000000001','46.3','ERS','1.0','2.0','NA',null,null,null,null,1,null,null,null,null,null,'','','');
insert into care_deloitte.candidate_details(candidate_id,amcatID,firstName,lastName,middleName,emailID,alternateEmailID,mobileNumber,landLine,fatherMobileNo,dob,gender,pAddress,pCity,pState,pZipCode,cAddress,cCity,cState,cZipCode,boardName10,passingYear10,percentage10,boardName12,passingYea12,percentage12,completionYear,collegePecentage,collegName,collegeCity,collegeState,degreeName,subjectName,gradUniversityRollNo,eduMode,backPaper,affiliatedTo,testAttemptTime,englishScore,englishPercentile,vocabulary,grammar,comprehension,quantitativeAbilityScore,quantitativeAbilityPercentage,basicMathematics,engineeringMathematics,appliedMathematics,logicalAbilityScore,logicalAbilityPercentage,inductiveReasoning,deductiveReasoning,abductiveReasoning,parentTitle,parentName,pref1Function,prefOfGurgaon1,prefOfHyderabad1,prefOfMumbai1,prefOfBengaluru,pref2Function,prefOfGurgaon2,prefOfMumbai2,prefOfHyderabad2,prefOfBengaluru2,function,panelists,interviewers,observers,campus_id,inactive,createdBy,createdDt,updatedBy,updatedDt,groupDiscussionResult,interviewResult,consensusResult) values (208,11200085610284,'FirstName201','LastName201',null,'test@test.com193','test@test.com193',9999070139,14034281494900,4855390655,'0089-07-17 00:00:00','Male','C/O P.K. DEY BUILDING,REHABARI SARABHATTI','Guwahati','Assam',5520966,null,'New Delhi','Delhi',109350,'State Board',2005,83.97,'CBSE',2007,95.98,2014,42.07,'Delhi College of Engineering','New Delhi','Delhi','B.Tech/B.E.','Computer Engineering','2K10/CO/7593','Full Time',0,'University of Delhi',null,1920.82,422.96,2.90,0.06,-0.53,139.14,-103.17,1.31,-0.88,-1.60,1088.57,236.12,1.26,1.40,0.61,'Mr',null,'RAM NATH','Consulting','1.0','-15.9','3.50000000000001','46.6','ERS','1.0','2.0','NA',null,null,null,null,1,null,null,null,null,null,'','','');
insert into care_deloitte.candidate_details(candidate_id,amcatID,firstName,lastName,middleName,emailID,alternateEmailID,mobileNumber,landLine,fatherMobileNo,dob,gender,pAddress,pCity,pState,pZipCode,cAddress,cCity,cState,cZipCode,boardName10,passingYear10,percentage10,boardName12,passingYea12,percentage12,completionYear,collegePecentage,collegName,collegeCity,collegeState,degreeName,subjectName,gradUniversityRollNo,eduMode,backPaper,affiliatedTo,testAttemptTime,englishScore,englishPercentile,vocabulary,grammar,comprehension,quantitativeAbilityScore,quantitativeAbilityPercentage,basicMathematics,engineeringMathematics,appliedMathematics,logicalAbilityScore,logicalAbilityPercentage,inductiveReasoning,deductiveReasoning,abductiveReasoning,parentTitle,parentName,pref1Function,prefOfGurgaon1,prefOfHyderabad1,prefOfMumbai1,prefOfBengaluru,pref2Function,prefOfGurgaon2,prefOfMumbai2,prefOfHyderabad2,prefOfBengaluru2,function,panelists,interviewers,observers,campus_id,inactive,createdBy,createdDt,updatedBy,updatedDt,groupDiscussionResult,interviewResult,consensusResult) values (209,11200085681939,'FirstName202','LastName202','Prasad','test@test.com194','test@test.com194',9999070140,null,4830803884,'0090-07-23 00:00:00','Male','E-4/21 , sector-7, Rohini, Delhi','New Delhi','Delhi',5547880,null,'New Delhi','Delhi',109346,'CBSE',2005,83.95,'CBSE',2007,96.04,2014,42.07,'Delhi College of Engineering','New Delhi','Delhi','B.Tech/B.E.','Computer Engineering','2k10/SE/086','Full Time',0,'University of Delhi',null,1927.88,424.76,2.92,0.06,-0.54,137.01,-104.08,1.32,-0.88,-1.61,1091.13,236.88,1.26,1.40,0.61,'Mr',null,'BAIJNATH PRASAD','ERS','1.0','-16.0','NA','NA','Consulting','1.0','4.0','3.0',null,null,null,null,1,null,null,null,null,null,'','','');
insert into care_deloitte.candidate_details(candidate_id,amcatID,firstName,lastName,middleName,emailID,alternateEmailID,mobileNumber,landLine,fatherMobileNo,dob,gender,pAddress,pCity,pState,pZipCode,cAddress,cCity,cState,cZipCode,boardName10,passingYear10,percentage10,boardName12,passingYea12,percentage12,completionYear,collegePecentage,collegName,collegeCity,collegeState,degreeName,subjectName,gradUniversityRollNo,eduMode,backPaper,affiliatedTo,testAttemptTime,englishScore,englishPercentile,vocabulary,grammar,comprehension,quantitativeAbilityScore,quantitativeAbilityPercentage,basicMathematics,engineeringMathematics,appliedMathematics,logicalAbilityScore,logicalAbilityPercentage,inductiveReasoning,deductiveReasoning,abductiveReasoning,parentTitle,parentName,pref1Function,prefOfGurgaon1,prefOfHyderabad1,prefOfMumbai1,prefOfBengaluru,pref2Function,prefOfGurgaon2,prefOfMumbai2,prefOfHyderabad2,prefOfBengaluru2,function,panelists,interviewers,observers,campus_id,inactive,createdBy,createdDt,updatedBy,updatedDt,groupDiscussionResult,interviewResult,consensusResult) values (210,11200085753594,'FirstName203','LastName203',null,'test@test.com195','test@test.com195',9999070141,14103592763311,4806217114,'0091-07-29 00:00:00','Male','56-L C.B.I Colony Vasant Vihar','New Delhi','Delhi',5574794,null,'New Delhi','Delhi',109343,'CBSE',2005,83.92,'CBSE',2007,96.09,2014,42.07,'Delhi College of Engineering','New Delhi','Delhi','B.Tech/B.E.','SOFTWARE ENGINEERING','2k10/SE/093','Full Time',0,'University of Delhi',null,1934.94,426.55,2.93,0.06,-0.54,134.88,-104.99,1.32,-0.89,-1.62,1093.69,237.64,1.26,1.40,0.61,'Mr',null,'Digvijay Srivastava','Consulting','1.0','-16.1','3.5','4.0','OIM','1.0','NA','NA',null,null,null,null,1,null,null,null,null,null,'','','');
insert into care_deloitte.candidate_details(candidate_id,amcatID,firstName,lastName,middleName,emailID,alternateEmailID,mobileNumber,landLine,fatherMobileNo,dob,gender,pAddress,pCity,pState,pZipCode,cAddress,cCity,cState,cZipCode,boardName10,passingYear10,percentage10,boardName12,passingYea12,percentage12,completionYear,collegePecentage,collegName,collegeCity,collegeState,degreeName,subjectName,gradUniversityRollNo,eduMode,backPaper,affiliatedTo,testAttemptTime,englishScore,englishPercentile,vocabulary,grammar,comprehension,quantitativeAbilityScore,quantitativeAbilityPercentage,basicMathematics,engineeringMathematics,appliedMathematics,logicalAbilityScore,logicalAbilityPercentage,inductiveReasoning,deductiveReasoning,abductiveReasoning,parentTitle,parentName,pref1Function,prefOfGurgaon1,prefOfHyderabad1,prefOfMumbai1,prefOfBengaluru,pref2Function,prefOfGurgaon2,prefOfMumbai2,prefOfHyderabad2,prefOfBengaluru2,function,panelists,interviewers,observers,campus_id,inactive,createdBy,createdDt,updatedBy,updatedDt,groupDiscussionResult,interviewResult,consensusResult) values (211,11200085825249,'FirstName204','LastName204',null,'test@test.com196','test@test.com196',9999070142,14182948299253,4781630343,'0092-08-03 00:00:00','Male','b-521 g d colony , mayur vihar phase-6','New Delhi','Delhi',5601708,null,'New Delhi','Delhi',109339,'CBSE',2005,83.90,'CBSE',2007,96.15,2014,42.07,'Delhi College of Engineering','New Delhi','Delhi','B.Tech/B.E.','Information Technology','2K10/IT/052','Full Time',0,'University of Delhi',null,1942.00,428.35,2.94,0.06,-0.55,132.75,-105.90,1.32,-0.90,-1.63,1096.25,238.40,1.27,1.41,0.62,'Mr',null,'Suresh Kumar','Consulting','1.0','-16.2','3.5','4.3','ERS','1.0','4.0','NA',null,null,null,null,1,null,null,null,null,null,'','','');
insert into care_deloitte.candidate_details(candidate_id,amcatID,firstName,lastName,middleName,emailID,alternateEmailID,mobileNumber,landLine,fatherMobileNo,dob,gender,pAddress,pCity,pState,pZipCode,cAddress,cCity,cState,cZipCode,boardName10,passingYear10,percentage10,boardName12,passingYea12,percentage12,completionYear,collegePecentage,collegName,collegeCity,collegeState,degreeName,subjectName,gradUniversityRollNo,eduMode,backPaper,affiliatedTo,testAttemptTime,englishScore,englishPercentile,vocabulary,grammar,comprehension,quantitativeAbilityScore,quantitativeAbilityPercentage,basicMathematics,engineeringMathematics,appliedMathematics,logicalAbilityScore,logicalAbilityPercentage,inductiveReasoning,deductiveReasoning,abductiveReasoning,parentTitle,parentName,pref1Function,prefOfGurgaon1,prefOfHyderabad1,prefOfMumbai1,prefOfBengaluru,pref2Function,prefOfGurgaon2,prefOfMumbai2,prefOfHyderabad2,prefOfBengaluru2,function,panelists,interviewers,observers,campus_id,inactive,createdBy,createdDt,updatedBy,updatedDt,groupDiscussionResult,interviewResult,consensusResult) values (212,11200085896905,'FirstName205','LastName205',null,'test@test.com197','test@test.com197',9999070143,14262303835195,4757043573,'0093-08-09 00:00:00','Male','C/O P.K. DEY BUILDING,REHABARI SARABHATTI','Guwahati','Assam',5628622,null,'New Delhi','Delhi',109335,'State Board',2005,83.88,'CBSE',2007,96.21,2014,42.07,'Delhi College of Engineering','New Delhi','Delhi','B.Tech/B.E.','Computer Engineering','2K10/CO/103','Full Time',0,'University of Delhi',null,1949.06,430.15,2.95,0.06,-0.55,130.62,-106.81,1.33,-0.91,-1.64,1098.81,239.16,1.27,1.41,0.62,'Mr',null,'RAM NATH','Consulting','1.0','-16.3','3.5','4.6','ERS','1.0','4.6','NA',null,null,null,null,1,null,null,null,null,null,'','','');
insert into care_deloitte.candidate_details(candidate_id,amcatID,firstName,lastName,middleName,emailID,alternateEmailID,mobileNumber,landLine,fatherMobileNo,dob,gender,pAddress,pCity,pState,pZipCode,cAddress,cCity,cState,cZipCode,boardName10,passingYear10,percentage10,boardName12,passingYea12,percentage12,completionYear,collegePecentage,collegName,collegeCity,collegeState,degreeName,subjectName,gradUniversityRollNo,eduMode,backPaper,affiliatedTo,testAttemptTime,englishScore,englishPercentile,vocabulary,grammar,comprehension,quantitativeAbilityScore,quantitativeAbilityPercentage,basicMathematics,engineeringMathematics,appliedMathematics,logicalAbilityScore,logicalAbilityPercentage,inductiveReasoning,deductiveReasoning,abductiveReasoning,parentTitle,parentName,pref1Function,prefOfGurgaon1,prefOfHyderabad1,prefOfMumbai1,prefOfBengaluru,pref2Function,prefOfGurgaon2,prefOfMumbai2,prefOfHyderabad2,prefOfBengaluru2,function,panelists,interviewers,observers,campus_id,inactive,createdBy,createdDt,updatedBy,updatedDt,groupDiscussionResult,interviewResult,consensusResult) values (213,11200085968560,'FirstName206','LastName206',null,'test@test.com198','test@test.com198',9999070144,14341659371137,4732456802,'0094-08-15 00:00:00','Male','10/1064, steet 3, delhi sharanpur road, Baraut','Baghpat','Uttar Pradesh',5655536,null,'New Delhi','Delhi',109332,'CBSE',2005,83.85,'CBSE',2007,96.26,2014,42.07,'Delhi College of Engineering','New Delhi','Delhi','B.Tech/B.E.','Computer Engineering','2K10/CO/210','Full Time',0,'Autonomous Institute',null,1956.12,431.94,2.96,0.05,-0.56,128.49,-107.72,1.33,-0.91,-1.65,1101.37,239.92,1.27,1.42,0.62,'Mr',null,'Laxmi Narayan','Consulting','1.0','-16.4','3.5','4.9','ERS','1.0','5.2','NA',null,null,null,null,1,null,null,null,null,null,'','','');
insert into care_deloitte.candidate_details(candidate_id,amcatID,firstName,lastName,middleName,emailID,alternateEmailID,mobileNumber,landLine,fatherMobileNo,dob,gender,pAddress,pCity,pState,pZipCode,cAddress,cCity,cState,cZipCode,boardName10,passingYear10,percentage10,boardName12,passingYea12,percentage12,completionYear,collegePecentage,collegName,collegeCity,collegeState,degreeName,subjectName,gradUniversityRollNo,eduMode,backPaper,affiliatedTo,testAttemptTime,englishScore,englishPercentile,vocabulary,grammar,comprehension,quantitativeAbilityScore,quantitativeAbilityPercentage,basicMathematics,engineeringMathematics,appliedMathematics,logicalAbilityScore,logicalAbilityPercentage,inductiveReasoning,deductiveReasoning,abductiveReasoning,parentTitle,parentName,pref1Function,prefOfGurgaon1,prefOfHyderabad1,prefOfMumbai1,prefOfBengaluru,pref2Function,prefOfGurgaon2,prefOfMumbai2,prefOfHyderabad2,prefOfBengaluru2,function,panelists,interviewers,observers,campus_id,inactive,createdBy,createdDt,updatedBy,updatedDt,groupDiscussionResult,interviewResult,consensusResult) values (214,11200086040215,'FirstName207','LastName207','Prasad','test@test.com199','test@test.com199',9999070145,14421014907080,4707870031,'0095-08-21 00:00:00','Male','E-4/21 , sector-7, Rohini, Delhi','New Delhi','Delhi',5682450,null,'New Delhi','Delhi',109328,'CBSE',2005,83.83,'CBSE',2007,96.32,2014,42.07,'Delhi College of Engineering','New Delhi','Delhi','B.Tech/B.E.','Computer Engineering','2k10/SE/100','Full Time',0,'University of Delhi',null,1963.18,433.74,2.98,0.05,-0.56,126.36,-108.62,1.34,-0.92,-1.67,1103.93,240.67,1.28,1.42,0.62,'Mr',null,'BAIJNATH PRASAD','ERS','1.0','-16.5','NA','NA','Consulting','1.0','5.8','3.0',null,null,null,null,1,null,null,null,null,null,'','','');
insert into care_deloitte.candidate_details(candidate_id,amcatID,firstName,lastName,middleName,emailID,alternateEmailID,mobileNumber,landLine,fatherMobileNo,dob,gender,pAddress,pCity,pState,pZipCode,cAddress,cCity,cState,cZipCode,boardName10,passingYear10,percentage10,boardName12,passingYea12,percentage12,completionYear,collegePecentage,collegName,collegeCity,collegeState,degreeName,subjectName,gradUniversityRollNo,eduMode,backPaper,affiliatedTo,testAttemptTime,englishScore,englishPercentile,vocabulary,grammar,comprehension,quantitativeAbilityScore,quantitativeAbilityPercentage,basicMathematics,engineeringMathematics,appliedMathematics,logicalAbilityScore,logicalAbilityPercentage,inductiveReasoning,deductiveReasoning,abductiveReasoning,parentTitle,parentName,pref1Function,prefOfGurgaon1,prefOfHyderabad1,prefOfMumbai1,prefOfBengaluru,pref2Function,prefOfGurgaon2,prefOfMumbai2,prefOfHyderabad2,prefOfBengaluru2,function,panelists,interviewers,observers,campus_id,inactive,createdBy,createdDt,updatedBy,updatedDt,groupDiscussionResult,interviewResult,consensusResult) values (215,11200086111870,'FirstName208','LastName208',null,'test@test.com200','test@test.com200',9999070146,14500370443022,4683283261,'0096-08-26 00:00:00','Male','56-L C.B.I Colony Vasant Vihar','New Delhi','Delhi',5709364,null,'New Delhi','Delhi',109324,'CBSE',2005,83.80,'CBSE',2007,96.38,2014,42.07,'Delhi College of Engineering','New Delhi','Delhi','B.Tech/B.E.','SOFTWARE ENGINEERING','2k10/SE/107','Full Time',0,'University of Delhi',null,1970.24,435.53,2.99,0.05,-0.57,124.23,-109.53,1.34,-0.93,-1.68,1106.49,241.43,1.28,1.42,0.62,'Mr',null,'Digvijay Srivastava','Consulting','1.0','-16.6','3.5','5.2','OIM','1.0','NA','NA',null,null,null,null,1,null,null,null,null,null,'','','');
insert into care_deloitte.candidate_details(candidate_id,amcatID,firstName,lastName,middleName,emailID,alternateEmailID,mobileNumber,landLine,fatherMobileNo,dob,gender,pAddress,pCity,pState,pZipCode,cAddress,cCity,cState,cZipCode,boardName10,passingYear10,percentage10,boardName12,passingYea12,percentage12,completionYear,collegePecentage,collegName,collegeCity,collegeState,degreeName,subjectName,gradUniversityRollNo,eduMode,backPaper,affiliatedTo,testAttemptTime,englishScore,englishPercentile,vocabulary,grammar,comprehension,quantitativeAbilityScore,quantitativeAbilityPercentage,basicMathematics,engineeringMathematics,appliedMathematics,logicalAbilityScore,logicalAbilityPercentage,inductiveReasoning,deductiveReasoning,abductiveReasoning,parentTitle,parentName,pref1Function,prefOfGurgaon1,prefOfHyderabad1,prefOfMumbai1,prefOfBengaluru,pref2Function,prefOfGurgaon2,prefOfMumbai2,prefOfHyderabad2,prefOfBengaluru2,function,panelists,interviewers,observers,campus_id,inactive,createdBy,createdDt,updatedBy,updatedDt,groupDiscussionResult,interviewResult,consensusResult) values (216,11200086183525,'FirstName209','LastName209',null,'test@test.com201','test@test.com201',9999070147,14579725978964,4658696490,'0097-09-01 00:00:00','Male','b-521 g d colony , mayur vihar phase-7','New Delhi','Delhi',5736278,null,'New Delhi','Delhi',109321,'CBSE',2005,83.78,'CBSE',2007,96.44,2014,42.07,'Delhi College of Engineering','New Delhi','Delhi','B.Tech/B.E.','Information Technology','2K10/IT/053','Full Time',0,'University of Delhi',null,1977.30,437.33,3.00,0.05,-0.57,122.10,-110.44,1.34,-0.94,-1.69,1109.05,242.19,1.28,1.43,0.62,'Mr',null,'Suresh Kumar','Consulting','1.0','-16.7','3.5','5.5','ERS','1.0','4.0','NA',null,null,null,null,1,null,null,null,null,null,'','','');


CREATE TABLE `interview_details` (
  `id` int(11) NOT NULL AUTO_INCREMENT,
  `interviewName` varchar(256) DEFAULT NULL,
  `interviewStartDate` datetime DEFAULT NULL,
  `interviewEndDate` datetime DEFAULT NULL,
  `position` varchar(256) DEFAULT NULL,
  `service` varchar(6) DEFAULT NULL,
  `communication` varchar(6) DEFAULT NULL,
  `management` varchar(6) DEFAULT NULL,
  `leadership` varchar(6) DEFAULT NULL,
  `qualification` varchar(256) DEFAULT NULL,
  `motivators` varchar(256) DEFAULT NULL,
  `objectives` varchar(256) DEFAULT NULL,
  `shift` char(1) DEFAULT 'N',
  `coursecompletiondate` datetime DEFAULT NULL,
  `applied` char(1) DEFAULT 'N',
  `comments` varchar(256) DEFAULT NULL,
  `campus_id` int(11) DEFAULT NULL,
  `candidate_id` int(11) DEFAULT NULL,
  `panelist_id` int(11) DEFAULT NULL,
  `createdBy` varchar(256) DEFAULT NULL,
  `createdDt` datetime DEFAULT NULL,
  `updatedBy` varchar(256) DEFAULT NULL,
  `updatedDt` datetime DEFAULT NULL,
  PRIMARY KEY (`id`),
  KEY `campus_id` (`campus_id`),
  KEY `candidate_id` (`candidate_id`),
  KEY `panelist_id` (`panelist_id`),
  CONSTRAINT `interview_details_1` FOREIGN KEY (`campus_id`) REFERENCES `campus` (`campus_id`),
  CONSTRAINT `interview_details_2` FOREIGN KEY (`candidate_id`) REFERENCES `candidate_details` (`candidate_id`),
  CONSTRAINT `interview_details_3` FOREIGN KEY (`panelist_id`) REFERENCES `panelist` (`id`)
) ENGINE=InnoDB AUTO_INCREMENT=5 DEFAULT CHARSET=utf8;

insert into interview_details ( id , interviewName , interviewStartDate , interviewEndDate, position, campus_id,  candidate_id, panelist_id) values 
(1, 'Interview' , now(),now(),'Consultant' ,1, 10, 1) ;
insert into interview_details ( id , interviewName , interviewStartDate , interviewEndDate, position, campus_id,  candidate_id, panelist_id) values 
(2, 'Interview' , now(),now(),'Consultant' ,1, 11, 1) ;

CREATE TABLE `group_discussion_details` (
  `id` int(11) NOT NULL AUTO_INCREMENT,
  `gdName` varchar(256) DEFAULT NULL,
  `gdStartDate` datetime DEFAULT NULL,
  `gdEndDate` datetime DEFAULT NULL,
  `leadership` int(11) DEFAULT 0,
  `listening` int(11) DEFAULT 0,
  `participation` int(11) DEFAULT 0,
  `approach` int(11) DEFAULT 0,
  `presentation` int(11) DEFAULT 0,
  `response` int(11) DEFAULT 0,
  `total` int(11) DEFAULT 0,
  `comments` varchar(256) DEFAULT NULL,
  `campus_id` int(11) DEFAULT NULL,
  `candidate_id` int(11) DEFAULT NULL,
  `panelist_id` int(11) DEFAULT NULL,
  `createdBy` varchar(256) DEFAULT NULL,
  `createdDt` datetime DEFAULT NULL,
  `updatedBy` varchar(256) DEFAULT NULL,
  `updatedDt` datetime DEFAULT NULL,
  PRIMARY KEY (`id`),
  KEY `campus_id` (`campus_id`),
  KEY `candidate_id` (`candidate_id`),
  KEY `panelist_id` (`panelist_id`),
  CONSTRAINT `group_discussion_details_1` FOREIGN KEY (`campus_id`) REFERENCES `campus` (`campus_id`),
  CONSTRAINT `group_discussion_details_2` FOREIGN KEY (`candidate_id`) REFERENCES `candidate_details` (`candidate_id`),
  CONSTRAINT `group_discussion_details_3` FOREIGN KEY (`panelist_id`) REFERENCES `panelist` (`id`),
  CONSTRAINT `group_discussion_details_composite` UNIQUE KEY (campus_id,candidate_id,panelist_id)
) ENGINE=InnoDB DEFAULT CHARSET=utf8;

insert into group_discussion_details ( id , gdName , gdStartDate , gdEndDate, campus_id,  candidate_id, panelist_id) values (1, 'Group 1' , now(),now() ,1, 10, 1);
insert into group_discussion_details ( id , gdName , gdStartDate , gdEndDate, campus_id,  candidate_id, panelist_id) values (2, 'Group 1' , now(),now() ,1, 11, 1);

insert into group_discussion_details ( id , gdName , gdStartDate , gdEndDate, campus_id,  candidate_id, panelist_id) values (5, 'Group 1' , now(),now() ,1, 10, 2);
insert into group_discussion_details ( id , gdName , gdStartDate , gdEndDate, campus_id,  candidate_id, panelist_id) values (6, 'Group 1' , now(),now() ,1, 11, 2);

insert into group_discussion_details ( id , gdName , gdStartDate , gdEndDate, campus_id,  candidate_id, panelist_id) values (3, 'Group 2' , now(),now() ,2, 154, 1);
insert into group_discussion_details ( id , gdName , gdStartDate , gdEndDate, campus_id,  candidate_id, panelist_id) values (4, 'Group 2' , now(),now() ,2, 153, 1);

alter table group_discussion_details add column gdFreeze varchar(1);
alter table campus_details add column interviewFreeze char(1);
alter table panelist 
ADD designation varchar(40);
alter table panelist 
add serviceLine varchar(40);
alter table candidate_details add column finalizedForGd char(1);
alter table campus_details add column ppd varchar(255);
COMMIT;